component_id,replacement_date,occurrence,category,subcategory,component,tracking,method,life_years,life_months,current_cost,future_cost,source_page,replacement_year
0,2035-07-01,1,Asphalt,Overlay,Asphalt Mill and Overlay,Logistical,One Time,15,180,60000.0,79452.01,60,2035
1,2035-07-01,1,Asphalt,Overlay,Asphalt Mill and Overlay,Logistical,One Time,15,180,60000.0,79452.01,60,2035
2,2035-07-01,1,Asphalt,Overlay,Asphalt Mill and Overlay,Logistical,One Time,15,180,60000.0,79452.01,60,2035
3,2035-07-01,1,Asphalt,Overlay,Asphalt Mill and Overlay,Logistical,One Time,15,180,60000.0,79452.01,60,2035
4,2035-07-01,1,Asphalt,Overlay,Asphalt Mill and Overlay,Logistical,One Time,15,180,60000.0,79452.01,60,2035
5,2026-07-01,1,Asphalt,Crack Repair,Asphalt Crack Seal,Logistical,One Time,3,36,50000.0,50744.46,59,2026
6,2029-07-01,1,Asphalt,Crack Repair,Asphalt Crack Seal,Logistical,One Time,3,36,25000.0,27724.92,59,2029
7,2038-07-01,1,Asphalt,Crack Repair,Asphalt Crack Seal,Logistical,Fixed,3,36,25000.0,36174.73,59,2038
7,2041-07-01,2,Asphalt,Crack Repair,Asphalt Crack Seal,Logistical,Fixed,3,36,25000.0,39529.11,59,2041
7,2044-07-01,3,Asphalt,Crack Repair,Asphalt Crack Seal,Logistical,Fixed,3,36,25000.0,43194.52,59,2044
7,2047-07-01,4,Asphalt,Crack Repair,Asphalt Crack Seal,Logistical,Fixed,3,36,25000.0,47199.82,59,2047
7,2050-07-01,5,Asphalt,Crack Repair,Asphalt Crack Seal,Logistical,Fixed,3,36,25000.0,51576.52,59,2050
7,2053-07-01,6,Asphalt,Crack Repair,Asphalt Crack Seal,Logistical,Fixed,3,36,25000.0,56359.05,59,2053
7,2056-07-01,7,Asphalt,Crack Repair,Asphalt Crack Seal,Logistical,Fixed,3,36,25000.0,61585.06,59,2056
7,2059-07-01,8,Asphalt,Crack Repair,Asphalt Crack Seal,Logistical,Fixed,3,36,25000.0,67295.66,59,2059
7,2062-07-01,9,Asphalt,Crack Repair,Asphalt Crack Seal,Logistical,Fixed,3,36,25000.0,73535.78,59,2062
7,2065-07-01,10,Asphalt,Crack Repair,Asphalt Crack Seal,Logistical,Fixed,3,36,25000.0,80354.53,59,2065
7,2068-07-01,11,Asphalt,Crack Repair,Asphalt Crack Seal,Logistical,Fixed,3,36,25000.0,87805.57,59,2068
7,2071-07-01,12,Asphalt,Crack Repair,Asphalt Crack Seal,Logistical,Fixed,3,36,25000.0,95947.52,59,2071
7,2074-07-01,13,Asphalt,Crack Repair,Asphalt Crack Seal,Logistical,Fixed,3,36,25000.0,104844.44,59,2074
7,2077-07-01,14,Asphalt,Crack Repair,Asphalt Crack Seal,Logistical,Fixed,3,36,25000.0,114566.35,59,2077
7,2080-07-01,15,Asphalt,Crack Repair,Asphalt Crack Seal,Logistical,Fixed,3,36,25000.0,125189.75,59,2080
7,2083-07-01,16,Asphalt,Crack Repair,Asphalt Crack Seal,Logistical,Fixed,3,36,25000.0,136798.21,59,2083
8,2051-07-01,1,Asphalt,Remove and Replace,Asphalt Remove and Replace,Logistical,Fixed,30,360,120000.0,254994.3,61,2051
8,2081-07-01,2,Asphalt,Remove and Replace,Asphalt Remove and Replace,Logistical,Fixed,30,360,120000.0,618938.1,61,2081
9,2052-07-01,1,Asphalt,Remove and Replace,Asphalt Remove and Replace,Logistical,Fixed,30,360,120000.0,262644.13,61,2052
9,2082-07-01,2,Asphalt,Remove and Replace,Asphalt Remove and Replace,Logistical,Fixed,30,360,120000.0,637506.24,61,2082
10,2053-07-01,1,Asphalt,Remove and Replace,Asphalt Remove and Replace,Logistical,Fixed,30,360,120000.0,270523.46,61,2053
10,2083-07-01,2,Asphalt,Remove and Replace,Asphalt Remove and Replace,Logistical,Fixed,30,360,120000.0,656631.43,61,2083
11,2054-07-01,1,Asphalt,Remove and Replace,Asphalt Remove and Replace,Logistical,Fixed,30,360,120000.0,278639.16,61,2054
11,2084-07-01,2,Asphalt,Remove and Replace,Asphalt Remove and Replace,Logistical,Fixed,30,360,120000.0,676330.37,61,2084
12,2055-07-01,1,Asphalt,Remove and Replace,Asphalt Remove and Replace,Logistical,Fixed,30,360,120000.0,286998.33,61,2055
12,2085-07-01,2,Asphalt,Remove and Replace,Asphalt Remove and Replace,Logistical,Fixed,30,360,120000.0,696620.28,61,2085
13,2040-07-01,1,Asphalt,Top Coat,Asphalt Seal Coat,Logistical,One Time,5,60,40000.0,61404.44,62,2040
14,2045-07-01,1,Asphalt,Top Coat,Asphalt Seal Coat,Logistical,One Time,5,60,40000.0,71184.57,62,2045
15,2056-07-01,1,Asphalt,Top Coat,Asphalt Seal Coat,Logistical,Fixed,5,60,40000.0,98536.09,62,2056
15,2061-07-01,2,Asphalt,Top Coat,Asphalt Seal Coat,Logistical,Fixed,5,60,40000.0,114230.34,62,2061
15,2066-07-01,3,Asphalt,Top Coat,Asphalt Seal Coat,Logistical,Fixed,5,60,40000.0,132424.27,62,2066
15,2071-07-01,4,Asphalt,Top Coat,Asphalt Seal Coat,Logistical,Fixed,5,60,40000.0,153516.02,62,2071
15,2076-07-01,5,Asphalt,Top Coat,Asphalt Seal Coat,Logistical,Fixed,5,60,40000.0,177967.15,62,2076
15,2081-07-01,6,Asphalt,Top Coat,Asphalt Seal Coat,Logistical,Fixed,5,60,40000.0,206312.7,62,2081
16,2026-07-01,1,Balconies-Decks-Stairways,Railings,Stairway/Balcony Railing,Logistical,Fixed,8,96,7500.0,7611.67,148,2026
16,2034-07-01,2,Balconies-Decks-Stairways,Railings,Stairway/Balcony Railing,Logistical,Fixed,8,96,7500.0,9642.23,148,2034
16,2042-07-01,3,Balconies-Decks-Stairways,Railings,Stairway/Balcony Railing,Logistical,Fixed,8,96,7500.0,12214.49,148,2042
16,2050-07-01,4,Balconies-Decks-Stairways,Railings,Stairway/Balcony Railing,Logistical,Fixed,8,96,7500.0,15472.96,148,2050
16,2058-07-01,5,Balconies-Decks-Stairways,Railings,Stairway/Balcony Railing,Logistical,Fixed,8,96,7500.0,19600.68,148,2058
16,2066-07-01,6,Balconies-Decks-Stairways,Railings,Stairway/Balcony Railing,Logistical,Fixed,8,96,7500.0,24829.55,148,2066
16,2074-07-01,7,Balconies-Decks-Stairways,Railings,Stairway/Balcony Railing,Logistical,Fixed,8,96,7500.0,31453.33,148,2074
16,2082-07-01,8,Balconies-Decks-Stairways,Railings,Stairway/Balcony Railing,Logistical,Fixed,8,96,7500.0,39844.14,148,2082
17,2028-07-01,1,Balconies-Decks-Stairways,Railings,Walkway Railing,Logistical,Fixed,8,96,3000.0,3230.09,154,2028
17,2036-07-01,2,Balconies-Decks-Stairways,Railings,Walkway Railing,Logistical,Fixed,8,96,3000.0,4091.78,154,2036
17,2044-07-01,3,Balconies-Decks-Stairways,Railings,Walkway Railing,Logistical,Fixed,8,96,3000.0,5183.34,154,2044
17,2052-07-01,4,Balconies-Decks-Stairways,Railings,Walkway Railing,Logistical,Fixed,8,96,3000.0,6566.1,154,2052
17,2060-07-01,5,Balconies-Decks-Stairways,Railings,Walkway Railing,Logistical,Fixed,8,96,3000.0,8317.74,154,2060
17,2068-07-01,6,Balconies-Decks-Stairways,Railings,Walkway Railing,Logistical,Fixed,8,96,3000.0,10536.67,154,2068
17,2076-07-01,7,Balconies-Decks-Stairways,Railings,Walkway Railing,Logistical,Fixed,8,96,3000.0,13347.54,154,2076
17,2084-07-01,8,Balconies-Decks-Stairways,Railings,Walkway Railing,Logistical,Fixed,8,96,3000.0,16908.26,154,2084
18,2026-07-01,1,Balconies-Decks-Stairways,Structural,Balconies-Decks-Posts/Structural Supports,Logistical,Fixed,20,240,57500.0,58356.13,64,2026
18,2046-07-01,2,Balconies-Decks-Stairways,Structural,Balconies-Decks-Posts/Structural Supports,Logistical,Fixed,20,240,57500.0,105397.66,64,2046
18,2066-07-01,3,Balconies-Decks-Stairways,Structural,Balconies-Decks-Posts/Structural Supports,Logistical,Fixed,20,240,57500.0,190359.89,64,2066
19,2027-07-01,1,Balconies-Decks-Stairways,Structural,Balconies-Decks-Posts/Structural Supports,Logistical,Fixed,20,240,57500.0,60106.81,64,2027
19,2047-07-01,2,Balconies-Decks-Stairways,Structural,Balconies-Decks-Posts/Structural Supports,Logistical,Fixed,20,240,57500.0,108559.59,64,2047
19,2067-07-01,3,Balconies-Decks-Stairways,Structural,Balconies-Decks-Posts/Structural Supports,Logistical,Fixed,20,240,57500.0,196070.69,64,2067
20,2028-07-01,1,Balconies-Decks-Stairways,Structural,Balconies-Decks-Posts/Structural Supports,Logistical,Fixed,20,240,57500.0,61910.01,64,2028
20,2048-07-01,2,Balconies-Decks-Stairways,Structural,Balconies-Decks-Posts/Structural Supports,Logistical,Fixed,20,240,57500.0,111816.37,64,2048
20,2068-07-01,3,Balconies-Decks-Stairways,Structural,Balconies-Decks-Posts/Structural Supports,Logistical,Fixed,20,240,57500.0,201952.81,64,2068
21,2029-07-01,1,Balconies-Decks-Stairways,Structural,Balconies-Decks-Posts/Structural Supports,Logistical,Fixed,20,240,57500.0,63767.32,64,2029
21,2049-07-01,2,Balconies-Decks-Stairways,Structural,Balconies-Decks-Posts/Structural Supports,Logistical,Fixed,20,240,57500.0,115170.86,64,2049
21,2069-07-01,3,Balconies-Decks-Stairways,Structural,Balconies-Decks-Posts/Structural Supports,Logistical,Fixed,20,240,57500.0,208011.39,64,2069
22,2030-07-01,1,Balconies-Decks-Stairways,Structural,Balconies-Decks-Posts/Structural Supports,Logistical,Fixed,20,240,57500.0,65680.33,64,2030
22,2050-07-01,2,Balconies-Decks-Stairways,Structural,Balconies-Decks-Posts/Structural Supports,Logistical,Fixed,20,240,57500.0,118625.99,64,2050
22,2070-07-01,3,Balconies-Decks-Stairways,Structural,Balconies-Decks-Posts/Structural Supports,Logistical,Fixed,20,240,57500.0,214251.73,64,2070
23,2031-07-01,1,Balconies-Decks-Stairways,Structural,Balconies-Decks-Posts/Structural Supports,Logistical,Fixed,20,240,57500.0,67650.74,64,2031
23,2051-07-01,2,Balconies-Decks-Stairways,Structural,Balconies-Decks-Posts/Structural Supports,Logistical,Fixed,20,240,57500.0,122184.77,64,2051
23,2071-07-01,3,Balconies-Decks-Stairways,Structural,Balconies-Decks-Posts/Structural Supports,Logistical,Fixed,20,240,57500.0,220679.29,64,2071
24,2028-07-01,1,Balconies-Decks-Stairways,Structural,Metal Stairway Flashing/Stringers,Logistical,Fixed,7,84,15000.0,16150.44,121,2028
24,2035-07-01,2,Balconies-Decks-Stairways,Structural,Metal Stairway Flashing/Stringers,Logistical,Fixed,7,84,15000.0,19863.0,121,2035
24,2042-07-01,3,Balconies-Decks-Stairways,Structural,Metal Stairway Flashing/Stringers,Logistical,Fixed,7,84,15000.0,24428.99,121,2042
24,2049-07-01,4,Balconies-Decks-Stairways,Structural,Metal Stairway Flashing/Stringers,Logistical,Fixed,7,84,15000.0,30044.57,121,2049
24,2056-07-01,5,Balconies-Decks-Stairways,Structural,Metal Stairway Flashing/Stringers,Logistical,Fixed,7,84,15000.0,36951.04,121,2056
24,2063-07-01,6,Balconies-Decks-Stairways,Structural,Metal Stairway Flashing/Stringers,Logistical,Fixed,7,84,15000.0,45445.11,121,2063
24,2070-07-01,7,Balconies-Decks-Stairways,Structural,Metal Stairway Flashing/Stringers,Logistical,Fixed,7,84,15000.0,55891.76,121,2070
24,2077-07-01,8,Balconies-Decks-Stairways,Structural,Metal Stairway Flashing/Stringers,Logistical,Fixed,7,84,15000.0,68739.81,121,2077
24,2084-07-01,9,Balconies-Decks-Stairways,Structural,Metal Stairway Flashing/Stringers,Logistical,Fixed,7,84,15000.0,84541.3,121,2084
25,2028-07-01,1,Balconies-Decks-Stairways,Structural,Wood Balcony Walls,Logistical,Fixed,5,60,25000.0,26917.4,156,2028
25,2033-07-01,2,Balconies-Decks-Stairways,Structural,Wood Balcony Walls,Logistical,Fixed,5,60,25000.0,31204.64,156,2033
25,2038-07-01,3,Balconies-Decks-Stairways,Structural,Wood Balcony Walls,Logistical,Fixed,5,60,25000.0,36174.73,156,2038
25,2043-07-01,4,Balconies-Decks-Stairways,Structural,Wood Balcony Walls,Logistical,Fixed,5,60,25000.0,41936.43,156,2043
25,2048-07-01,5,Balconies-Decks-Stairways,Structural,Wood Balcony Walls,Logistical,Fixed,5,60,25000.0,48615.81,156,2048
25,2053-07-01,6,Balconies-Decks-Stairways,Structural,Wood Balcony Walls,Logistical,Fixed,5,60,25000.0,56359.05,156,2053
25,2058-07-01,7,Balconies-Decks-Stairways,Structural,Wood Balcony Walls,Logistical,Fixed,5,60,25000.0,65335.59,156,2058
25,2063-07-01,8,Balconies-Decks-Stairways,Structural,Wood Balcony Walls,Logistical,Fixed,5,60,25000.0,75741.85,156,2063
25,2068-07-01,9,Balconies-Decks-Stairways,Structural,Wood Balcony Walls,Logistical,Fixed,5,60,25000.0,87805.57,156,2068
25,2073-07-01,10,Balconies-Decks-Stairways,Structural,Wood Balcony Walls,Logistical,Fixed,5,60,25000.0,101790.72,156,2073
25,2078-07-01,11,Balconies-Decks-Stairways,Structural,Wood Balcony Walls,Logistical,Fixed,5,60,25000.0,118003.34,156,2078
25,2083-07-01,12,Balconies-Decks-Stairways,Structural,Wood Balcony Walls,Logistical,Fixed,5,60,25000.0,136798.21,156,2083
26,2026-07-01,1,Concrete,Major Repairs,Concrete Sidewalks-Stairs-Patios/Grinding-Repairs,Logistical,Fixed,3,36,10000.0,10148.89,102,2026
26,2029-07-01,2,Concrete,Major Repairs,Concrete Sidewalks-Stairs-Patios/Grinding-Repairs,Logistical,Fixed,3,36,10000.0,11089.97,102,2029
26,2032-07-01,3,Concrete,Major Repairs,Concrete Sidewalks-Stairs-Patios/Grinding-Repairs,Logistical,Fixed,3,36,10000.0,12118.31,102,2032
26,2035-07-01,4,Concrete,Major Repairs,Concrete Sidewalks-Stairs-Patios/Grinding-Repairs,Logistical,Fixed,3,36,10000.0,13242.0,102,2035
26,2038-07-01,5,Concrete,Major Repairs,Concrete Sidewalks-Stairs-Patios/Grinding-Repairs,Logistical,Fixed,3,36,10000.0,14469.89,102,2038
26,2041-07-01,6,Concrete,Major Repairs,Concrete Sidewalks-Stairs-Patios/Grinding-Repairs,Logistical,Fixed,3,36,10000.0,15811.64,102,2041
26,2044-07-01,7,Concrete,Major Repairs,Concrete Sidewalks-Stairs-Patios/Grinding-Repairs,Logistical,Fixed,3,36,10000.0,17277.81,102,2044
26,2047-07-01,8,Concrete,Major Repairs,Concrete Sidewalks-Stairs-Patios/Grinding-Repairs,Logistical,Fixed,3,36,10000.0,18879.93,102,2047
26,2050-07-01,9,Concrete,Major Repairs,Concrete Sidewalks-Stairs-Patios/Grinding-Repairs,Logistical,Fixed,3,36,10000.0,20630.61,102,2050
26,2053-07-01,10,Concrete,Major Repairs,Concrete Sidewalks-Stairs-Patios/Grinding-Repairs,Logistical,Fixed,3,36,10000.0,22543.62,102,2053
26,2056-07-01,11,Concrete,Major Repairs,Concrete Sidewalks-Stairs-Patios/Grinding-Repairs,Logistical,Fixed,3,36,10000.0,24634.02,102,2056
26,2059-07-01,12,Concrete,Major Repairs,Concrete Sidewalks-Stairs-Patios/Grinding-Repairs,Logistical,Fixed,3,36,10000.0,26918.26,102,2059
26,2062-07-01,13,Concrete,Major Repairs,Concrete Sidewalks-Stairs-Patios/Grinding-Repairs,Logistical,Fixed,3,36,10000.0,29414.31,102,2062
26,2065-07-01,14,Concrete,Major Repairs,Concrete Sidewalks-Stairs-Patios/Grinding-Repairs,Logistical,Fixed,3,36,10000.0,32141.81,102,2065
26,2068-07-01,15,Concrete,Major Repairs,Concrete Sidewalks-Stairs-Patios/Grinding-Repairs,Logistical,Fixed,3,36,10000.0,35122.23,102,2068
26,2071-07-01,16,Concrete,Major Repairs,Concrete Sidewalks-Stairs-Patios/Grinding-Repairs,Logistical,Fixed,3,36,10000.0,38379.01,102,2071
26,2074-07-01,17,Concrete,Major Repairs,Concrete Sidewalks-Stairs-Patios/Grinding-Repairs,Logistical,Fixed,3,36,10000.0,41937.78,102,2074
26,2077-07-01,18,Concrete,Major Repairs,Concrete Sidewalks-Stairs-Patios/Grinding-Repairs,Logistical,Fixed,3,36,10000.0,45826.54,102,2077
26,2080-07-01,19,Concrete,Major Repairs,Concrete Sidewalks-Stairs-Patios/Grinding-Repairs,Logistical,Fixed,3,36,10000.0,50075.9,102,2080
26,2083-07-01,20,Concrete,Major Repairs,Concrete Sidewalks-Stairs-Patios/Grinding-Repairs,Logistical,Fixed,3,36,10000.0,54719.29,102,2083
27,2026-07-01,1,Concrete,Major Repairs,Curbs-Gutters,Logistical,Adjusted,3,36,5000.0,5074.45,104,2026
27,2029-07-01,2,Concrete,Major Repairs,Curbs-Gutters,Logistical,Adjusted,3,36,5000.0,5544.98,104,2029
27,2032-07-01,3,Concrete,Major Repairs,Curbs-Gutters,Logistical,Adjusted,3,36,5000.0,6059.15,104,2032
27,2035-07-01,4,Concrete,Major Repairs,Curbs-Gutters,Logistical,Adjusted,3,36,5000.0,6621.0,104,2035
27,2038-07-01,5,Concrete,Major Repairs,Curbs-Gutters,Logistical,Adjusted,3,36,5000.0,7234.95,104,2038
27,2041-07-01,6,Concrete,Major Repairs,Curbs-Gutters,Logistical,Adjusted,3,36,5000.0,7905.82,104,2041
27,2044-07-01,7,Concrete,Major Repairs,Curbs-Gutters,Logistical,Adjusted,3,36,5000.0,8638.9,104,2044
27,2047-07-01,8,Concrete,Major Repairs,Curbs-Gutters,Logistical,Adjusted,3,36,5000.0,9439.96,104,2047
27,2050-07-01,9,Concrete,Major Repairs,Curbs-Gutters,Logistical,Adjusted,3,36,5000.0,10315.3,104,2050
27,2053-07-01,10,Concrete,Major Repairs,Curbs-Gutters,Logistical,Adjusted,3,36,5000.0,11271.81,104,2053
27,2056-07-01,11,Concrete,Major Repairs,Curbs-Gutters,Logistical,Adjusted,3,36,5000.0,12317.01,104,2056
27,2059-07-01,12,Concrete,Major Repairs,Curbs-Gutters,Logistical,Adjusted,3,36,5000.0,13459.13,104,2059
27,2062-07-01,13,Concrete,Major Repairs,Curbs-Gutters,Logistical,Adjusted,3,36,5000.0,14707.16,104,2062
27,2065-07-01,14,Concrete,Major Repairs,Curbs-Gutters,Logistical,Adjusted,3,36,5000.0,16070.91,104,2065
27,2068-07-01,15,Concrete,Major Repairs,Curbs-Gutters,Logistical,Adjusted,3,36,5000.0,17561.11,104,2068
27,2071-07-01,16,Concrete,Major Repairs,Curbs-Gutters,Logistical,Adjusted,3,36,5000.0,19189.5,104,2071
27,2074-07-01,17,Concrete,Major Repairs,Curbs-Gutters,Logistical,Adjusted,3,36,5000.0,20968.89,104,2074
27,2077-07-01,18,Concrete,Major Repairs,Curbs-Gutters,Logistical,Adjusted,3,36,5000.0,22913.27,104,2077
27,2080-07-01,19,Concrete,Major Repairs,Curbs-Gutters,Logistical,Adjusted,3,36,5000.0,25037.95,104,2080
27,2083-07-01,20,Concrete,Major Repairs,Curbs-Gutters,Logistical,Adjusted,3,36,5000.0,27359.64,104,2083
28,2044-07-01,1,Concrete,Pool,Pool Area Concrete Deck,Logistical,Fixed,25,300,19104.0,33007.53,128,2044
28,2069-07-01,2,Concrete,Pool,Pool Area Concrete Deck,Logistical,Fixed,25,300,19104.0,69110.43,128,2069
29,2035-07-01,1,Doors-Windows,Renovation,Raise and Replace Windows,Logistical,One Time,30,360,17233.0,22819.94,Board Plan,2035
30,2036-07-01,1,Doors-Windows,Raised Panel,Clubhouse Bathroom/Interior Doors,Logistical,Fixed,10,120,5000.0,6819.63,79,2036
30,2046-07-01,2,Doors-Windows,Raised Panel,Clubhouse Bathroom/Interior Doors,Logistical,Fixed,10,120,5000.0,9165.01,79,2046
30,2056-07-01,3,Doors-Windows,Raised Panel,Clubhouse Bathroom/Interior Doors,Logistical,Fixed,10,120,5000.0,12317.01,79,2056
30,2066-07-01,4,Doors-Windows,Raised Panel,Clubhouse Bathroom/Interior Doors,Logistical,Fixed,10,120,5000.0,16553.03,79,2066
30,2076-07-01,5,Doors-Windows,Raised Panel,Clubhouse Bathroom/Interior Doors,Logistical,Fixed,10,120,5000.0,22245.89,79,2076
31,2036-07-01,1,Doors-Windows,Renovation,Clubhouse/Fitness Windows,Logistical,Fixed,10,120,4500.0,6137.67,100,2036
31,2046-07-01,2,Doors-Windows,Renovation,Clubhouse/Fitness Windows,Logistical,Fixed,10,120,4500.0,8248.51,100,2046
31,2056-07-01,3,Doors-Windows,Renovation,Clubhouse/Fitness Windows,Logistical,Fixed,10,120,4500.0,11085.31,100,2056
31,2066-07-01,4,Doors-Windows,Renovation,Clubhouse/Fitness Windows,Logistical,Fixed,10,120,4500.0,14897.73,100,2066
31,2076-07-01,5,Doors-Windows,Renovation,Clubhouse/Fitness Windows,Logistical,Fixed,10,120,4500.0,20021.3,100,2076
32,2036-07-01,1,Doors-Windows,Sliders,Clubhouse Sliding Glass Doors,Logistical,Fixed,10,120,4000.0,5455.7,95,2036
32,2046-07-01,2,Doors-Windows,Sliders,Clubhouse Sliding Glass Doors,Logistical,Fixed,10,120,4000.0,7332.01,95,2046
32,2056-07-01,3,Doors-Windows,Sliders,Clubhouse Sliding Glass Doors,Logistical,Fixed,10,120,4000.0,9853.61,95,2056
32,2066-07-01,4,Doors-Windows,Sliders,Clubhouse Sliding Glass Doors,Logistical,Fixed,10,120,4000.0,13242.43,95,2066
32,2076-07-01,5,Doors-Windows,Sliders,Clubhouse Sliding Glass Doors,Logistical,Fixed,10,120,4000.0,17796.71,95,2076
33,2036-07-01,1,Doors-Windows,Window Treatment,Clubhouse Blinds,Logistical,Fixed,10,120,1000.0,1363.93,80,2036
33,2046-07-01,2,Doors-Windows,Window Treatment,Clubhouse Blinds,Logistical,Fixed,10,120,1000.0,1833.0,80,2046
33,2056-07-01,3,Doors-Windows,Window Treatment,Clubhouse Blinds,Logistical,Fixed,10,120,1000.0,2463.4,80,2056
33,2066-07-01,4,Doors-Windows,Window Treatment,Clubhouse Blinds,Logistical,Fixed,10,120,1000.0,3310.61,80,2066
33,2076-07-01,5,Doors-Windows,Window Treatment,Clubhouse Blinds,Logistical,Fixed,10,120,1000.0,4449.18,80,2076
34,2036-07-01,1,Doors-Windows,Wood and Metal,Clubhouse Glass Doors,Logistical,Fixed,10,120,3500.0,4773.74,87,2036
34,2046-07-01,2,Doors-Windows,Wood and Metal,Clubhouse Glass Doors,Logistical,Fixed,10,120,3500.0,6415.51,87,2046
34,2056-07-01,3,Doors-Windows,Wood and Metal,Clubhouse Glass Doors,Logistical,Fixed,10,120,3500.0,8621.91,87,2056
34,2066-07-01,4,Doors-Windows,Wood and Metal,Clubhouse Glass Doors,Logistical,Fixed,10,120,3500.0,11587.12,87,2066
34,2076-07-01,5,Doors-Windows,Wood and Metal,Clubhouse Glass Doors,Logistical,Fixed,10,120,3500.0,15572.13,87,2076
35,2036-07-01,1,Equipment,Mail,Mail Boxes,Logistical,Fixed,25,300,10000.0,13639.26,120,2036
35,2061-07-01,2,Equipment,Mail,Mail Boxes,Logistical,Fixed,25,300,10000.0,28557.58,120,2061
36,2036-07-01,1,Equipment,Pool,Pool Chemical Controller-Rola Chem,Logistical,Fixed,15,180,2500.0,3409.82,134,2036
36,2051-07-01,2,Equipment,Pool,Pool Chemical Controller-Rola Chem,Logistical,Fixed,15,180,2500.0,5312.38,134,2051
36,2066-07-01,3,Equipment,Pool,Pool Chemical Controller-Rola Chem,Logistical,Fixed,15,180,2500.0,8276.52,134,2066
36,2081-07-01,4,Equipment,Pool,Pool Chemical Controller-Rola Chem,Logistical,Fixed,15,180,2500.0,12894.54,134,2081
37,2028-07-01,1,Equipment,Pool,Pool Cover,Logistical,Fixed,12,144,2880.0,3100.88,136,2028
37,2040-07-01,2,Equipment,Pool,Pool Cover,Logistical,Fixed,12,144,2880.0,4421.12,136,2040
37,2052-07-01,3,Equipment,Pool,Pool Cover,Logistical,Fixed,12,144,2880.0,6303.46,136,2052
37,2064-07-01,4,Equipment,Pool,Pool Cover,Logistical,Fixed,12,144,2880.0,8987.23,136,2064
37,2076-07-01,5,Equipment,Pool,Pool Cover,Logistical,Fixed,12,144,2880.0,12813.63,136,2076
38,2031-07-01,1,Equipment,Pool,Pool Filter Hayward,Logistical,Fixed,15,180,1300.0,1529.5,137,2031
38,2046-07-01,2,Equipment,Pool,Pool Filter Hayward,Logistical,Fixed,15,180,1300.0,2382.9,137,2046
38,2061-07-01,3,Equipment,Pool,Pool Filter Hayward,Logistical,Fixed,15,180,1300.0,3712.49,137,2061
38,2076-07-01,4,Equipment,Pool,Pool Filter Hayward,Logistical,Fixed,15,180,1300.0,5783.93,137,2076
39,2028-07-01,1,Equipment,Pool,Pool Heater Raypak,Logistical,Fixed,15,180,3000.0,3230.09,138,2028
39,2043-07-01,2,Equipment,Pool,Pool Heater Raypak,Logistical,Fixed,15,180,3000.0,5032.37,138,2043
39,2058-07-01,3,Equipment,Pool,Pool Heater Raypak,Logistical,Fixed,15,180,3000.0,7840.27,138,2058
39,2073-07-01,4,Equipment,Pool,Pool Heater Raypak,Logistical,Fixed,15,180,3000.0,12214.89,138,2073
40,2030-07-01,1,Equipment,Pool,Pool Misc Pipes Valves,Logistical,Fixed,7,84,1500.0,1713.4,139,2030
40,2037-07-01,2,Equipment,Pool,Pool Misc Pipes Valves,Logistical,Fixed,7,84,1500.0,2107.27,139,2037
40,2044-07-01,3,Equipment,Pool,Pool Misc Pipes Valves,Logistical,Fixed,7,84,1500.0,2591.67,139,2044
40,2051-07-01,4,Equipment,Pool,Pool Misc Pipes Valves,Logistical,Fixed,7,84,1500.0,3187.43,139,2051
40,2058-07-01,5,Equipment,Pool,Pool Misc Pipes Valves,Logistical,Fixed,7,84,1500.0,3920.14,139,2058
40,2065-07-01,6,Equipment,Pool,Pool Misc Pipes Valves,Logistical,Fixed,7,84,1500.0,4821.27,139,2065
40,2072-07-01,7,Equipment,Pool,Pool Misc Pipes Valves,Logistical,Fixed,7,84,1500.0,5929.56,139,2072
40,2079-07-01,8,Equipment,Pool,Pool Misc Pipes Valves,Logistical,Fixed,7,84,1500.0,7292.61,139,2079
41,2032-07-01,1,Equipment,Pool,Pool Pump Hayward,Logistical,Fixed,15,180,750.0,908.87,140,2032
41,2047-07-01,2,Equipment,Pool,Pool Pump Hayward,Logistical,Fixed,15,180,750.0,1415.99,140,2047
41,2062-07-01,3,Equipment,Pool,Pool Pump Hayward,Logistical,Fixed,15,180,750.0,2206.07,140,2062
41,2077-07-01,4,Equipment,Pool,Pool Pump Hayward,Logistical,Fixed,15,180,750.0,3436.99,140,2077
42,2031-07-01,1,Equipment,Pool,Pool Rails-Ladder,Logistical,Fixed,15,180,750.0,882.4,141,2031
42,2046-07-01,2,Equipment,Pool,Pool Rails-Ladder,Logistical,Fixed,15,180,750.0,1374.75,141,2046
42,2061-07-01,3,Equipment,Pool,Pool Rails-Ladder,Logistical,Fixed,15,180,750.0,2141.82,141,2061
42,2076-07-01,4,Equipment,Pool,Pool Rails-Ladder,Logistical,Fixed,15,180,750.0,3336.88,141,2076
43,2031-07-01,1,Equipment,Pool,Pool Room Compressor,Logistical,Fixed,15,180,500.0,588.27,143,2031
43,2046-07-01,2,Equipment,Pool,Pool Room Compressor,Logistical,Fixed,15,180,500.0,916.5,143,2046
43,2061-07-01,3,Equipment,Pool,Pool Room Compressor,Logistical,Fixed,15,180,500.0,1427.88,143,2061
43,2076-07-01,4,Equipment,Pool,Pool Room Compressor,Logistical,Fixed,15,180,500.0,2224.59,143,2076
44,2036-07-01,1,Exterior Surfaces,Pool,Pool Coping,Logistical,Fixed,20,240,4200.0,5728.49,135,2036
44,2056-07-01,2,Exterior Surfaces,Pool,Pool Coping,Logistical,Fixed,20,240,4200.0,10346.29,135,2056
44,2076-07-01,3,Exterior Surfaces,Pool,Pool Coping,Logistical,Fixed,20,240,4200.0,18686.55,135,2076
45,2026-07-01,1,Exterior Surfaces,Renovation,Wood Siding,Logistical,Fixed,30,360,60000.0,60893.35,157,2026
45,2056-07-01,2,Exterior Surfaces,Renovation,Wood Siding,Logistical,Fixed,30,360,60000.0,147804.14,157,2056
46,2028-07-01,1,Exterior Surfaces,Renovation,Wood Siding,Logistical,Fixed,30,360,90000.0,96902.63,157,2028
46,2058-07-01,2,Exterior Surfaces,Renovation,Wood Siding,Logistical,Fixed,30,360,90000.0,235208.12,157,2058
47,2030-07-01,1,Exterior Surfaces,Renovation,Wood Siding,Logistical,Fixed,30,360,150000.0,171340.0,157,2030
47,2060-07-01,2,Exterior Surfaces,Renovation,Wood Siding,Logistical,Fixed,30,360,150000.0,415887.16,157,2060
48,2032-07-01,1,Exterior Surfaces,Renovation,Wood Siding,Logistical,Fixed,30,360,150000.0,181774.61,157,2032
48,2062-07-01,2,Exterior Surfaces,Renovation,Wood Siding,Logistical,Fixed,30,360,150000.0,441214.69,157,2062
49,2034-07-01,1,Exterior Surfaces,Renovation,Wood Siding,Logistical,Fixed,30,360,150000.0,192844.68,157,2034
49,2064-07-01,2,Exterior Surfaces,Renovation,Wood Siding,Logistical,Fixed,30,360,150000.0,468084.66,157,2064
50,2036-07-01,1,Exterior Surfaces,Renovation,Wood Siding,Logistical,Fixed,30,360,150000.0,204588.92,157,2036
50,2066-07-01,2,Exterior Surfaces,Renovation,Wood Siding,Logistical,Fixed,30,360,150000.0,496591.02,157,2066
51,2038-07-01,1,Exterior Surfaces,Renovation,Wood Siding,Logistical,Fixed,30,360,150000.0,217048.39,157,2038
51,2068-07-01,2,Exterior Surfaces,Renovation,Wood Siding,Logistical,Fixed,30,360,150000.0,526833.41,157,2068
52,2040-07-01,1,Exterior Surfaces,Renovation,Wood Siding,Logistical,Fixed,30,360,150000.0,230266.64,157,2040
52,2070-07-01,2,Exterior Surfaces,Renovation,Wood Siding,Logistical,Fixed,30,360,150000.0,558917.57,157,2070
53,2042-07-01,1,Exterior Surfaces,Renovation,Wood Siding,Logistical,Fixed,30,360,150000.0,244289.87,157,2042
53,2072-07-01,2,Exterior Surfaces,Renovation,Wood Siding,Logistical,Fixed,30,360,150000.0,592955.64,157,2072
54,2044-07-01,1,Exterior Surfaces,Renovation,Wood Siding,Logistical,Fixed,30,360,150000.0,259167.13,157,2044
54,2074-07-01,2,Exterior Surfaces,Renovation,Wood Siding,Logistical,Fixed,30,360,150000.0,629066.64,157,2074
55,2046-07-01,1,Exterior Surfaces,Renovation,Wood Siding,Logistical,Fixed,30,360,150000.0,274950.41,157,2046
55,2076-07-01,2,Exterior Surfaces,Renovation,Wood Siding,Logistical,Fixed,30,360,150000.0,667376.8,157,2076
56,2026-07-01,1,Exterior Surfaces,Roofing,Fascia-Flashing-Soffits,Logistical,One Time,8,96,55000.0,55818.9,108,2026
57,2026-07-01,1,Exterior Surfaces,Roofing,Fascia-Flashing-Soffits,Logistical,Fixed,8,96,10000.0,10148.89,108,2026
57,2034-07-01,2,Exterior Surfaces,Roofing,Fascia-Flashing-Soffits,Logistical,Fixed,8,96,10000.0,12856.31,108,2034
57,2042-07-01,3,Exterior Surfaces,Roofing,Fascia-Flashing-Soffits,Logistical,Fixed,8,96,10000.0,16285.99,108,2042
57,2050-07-01,4,Exterior Surfaces,Roofing,Fascia-Flashing-Soffits,Logistical,Fixed,8,96,10000.0,20630.61,108,2050
57,2058-07-01,5,Exterior Surfaces,Roofing,Fascia-Flashing-Soffits,Logistical,Fixed,8,96,10000.0,26134.24,108,2058
57,2066-07-01,6,Exterior Surfaces,Roofing,Fascia-Flashing-Soffits,Logistical,Fixed,8,96,10000.0,33106.07,108,2066
57,2074-07-01,7,Exterior Surfaces,Roofing,Fascia-Flashing-Soffits,Logistical,Fixed,8,96,10000.0,41937.78,108,2074
57,2082-07-01,8,Exterior Surfaces,Roofing,Fascia-Flashing-Soffits,Logistical,Fixed,8,96,10000.0,53125.52,108,2082
58,2031-07-01,1,Exterior Surfaces,Siding,Clubhouse Siding,Logistical,Fixed,30,360,90000.0,105888.12,94,2031
58,2061-07-01,2,Exterior Surfaces,Siding,Clubhouse Siding,Logistical,Fixed,30,360,90000.0,257018.26,94,2061
59,2033-07-01,1,Exterior Surfaces,Siding,Corrugated Balcony Walls,Logistical,Fixed,10,120,5000.0,6240.93,103,2033
59,2043-07-01,2,Exterior Surfaces,Siding,Corrugated Balcony Walls,Logistical,Fixed,10,120,5000.0,8387.29,103,2043
59,2053-07-01,3,Exterior Surfaces,Siding,Corrugated Balcony Walls,Logistical,Fixed,10,120,5000.0,11271.81,103,2053
59,2063-07-01,4,Exterior Surfaces,Siding,Corrugated Balcony Walls,Logistical,Fixed,10,120,5000.0,15148.37,103,2063
59,2073-07-01,5,Exterior Surfaces,Siding,Corrugated Balcony Walls,Logistical,Fixed,10,120,5000.0,20358.14,103,2073
59,2083-07-01,6,Exterior Surfaces,Siding,Corrugated Balcony Walls,Logistical,Fixed,10,120,5000.0,27359.64,103,2083
60,2029-07-01,1,Exterior Surfaces,Siding,Stucco Siding Repair,Logistical,Fixed,7,84,10000.0,11089.97,149,2029
60,2036-07-01,2,Exterior Surfaces,Siding,Stucco Siding Repair,Logistical,Fixed,7,84,10000.0,13639.26,149,2036
60,2043-07-01,3,Exterior Surfaces,Siding,Stucco Siding Repair,Logistical,Fixed,7,84,10000.0,16774.57,149,2043
60,2050-07-01,4,Exterior Surfaces,Siding,Stucco Siding Repair,Logistical,Fixed,7,84,10000.0,20630.61,149,2050
60,2057-07-01,5,Exterior Surfaces,Siding,Stucco Siding Repair,Logistical,Fixed,7,84,10000.0,25373.04,149,2057
60,2064-07-01,6,Exterior Surfaces,Siding,Stucco Siding Repair,Logistical,Fixed,7,84,10000.0,31205.64,149,2064
60,2071-07-01,7,Exterior Surfaces,Siding,Stucco Siding Repair,Logistical,Fixed,7,84,10000.0,38379.01,149,2071
60,2078-07-01,8,Exterior Surfaces,Siding,Stucco Siding Repair,Logistical,Fixed,7,84,10000.0,47201.34,149,2078
60,2085-07-01,9,Exterior Surfaces,Siding,Stucco Siding Repair,Logistical,Fixed,7,84,10000.0,58051.69,149,2085
61,2026-07-01,1,Exterior Surfaces,Structural,Chimney Chases Structural Renovations,Logistical,Fixed,20,240,57500.0,58356.13,71,2026
61,2046-07-01,2,Exterior Surfaces,Structural,Chimney Chases Structural Renovations,Logistical,Fixed,20,240,57500.0,105397.66,71,2046
61,2066-07-01,3,Exterior Surfaces,Structural,Chimney Chases Structural Renovations,Logistical,Fixed,20,240,57500.0,190359.89,71,2066
62,2027-07-01,1,Exterior Surfaces,Structural,Chimney Chases Structural Renovations,Logistical,Fixed,20,240,57500.0,60106.81,71,2027
62,2047-07-01,2,Exterior Surfaces,Structural,Chimney Chases Structural Renovations,Logistical,Fixed,20,240,57500.0,108559.59,71,2047
62,2067-07-01,3,Exterior Surfaces,Structural,Chimney Chases Structural Renovations,Logistical,Fixed,20,240,57500.0,196070.69,71,2067
63,2028-07-01,1,Exterior Surfaces,Structural,Chimney Chases Structural Renovations,Logistical,Fixed,20,240,57500.0,61910.01,71,2028
63,2048-07-01,2,Exterior Surfaces,Structural,Chimney Chases Structural Renovations,Logistical,Fixed,20,240,57500.0,111816.37,71,2048
63,2068-07-01,3,Exterior Surfaces,Structural,Chimney Chases Structural Renovations,Logistical,Fixed,20,240,57500.0,201952.81,71,2068
64,2029-07-01,1,Exterior Surfaces,Structural,Chimney Chases Structural Renovations,Logistical,Fixed,20,240,57500.0,63767.32,71,2029
64,2049-07-01,2,Exterior Surfaces,Structural,Chimney Chases Structural Renovations,Logistical,Fixed,20,240,57500.0,115170.86,71,2049
64,2069-07-01,3,Exterior Surfaces,Structural,Chimney Chases Structural Renovations,Logistical,Fixed,20,240,57500.0,208011.39,71,2069
65,2030-07-01,1,Exterior Surfaces,Structural,Chimney Chases Structural Renovations,Logistical,Fixed,20,240,57500.0,65680.33,71,2030
65,2050-07-01,2,Exterior Surfaces,Structural,Chimney Chases Structural Renovations,Logistical,Fixed,20,240,57500.0,118625.99,71,2050
65,2070-07-01,3,Exterior Surfaces,Structural,Chimney Chases Structural Renovations,Logistical,Fixed,20,240,57500.0,214251.73,71,2070
66,2031-07-01,1,Exterior Surfaces,Structural,Chimney Chases Structural Renovations,Logistical,Fixed,20,240,57500.0,67650.74,71,2031
66,2051-07-01,2,Exterior Surfaces,Structural,Chimney Chases Structural Renovations,Logistical,Fixed,20,240,57500.0,122184.77,71,2051
66,2071-07-01,3,Exterior Surfaces,Structural,Chimney Chases Structural Renovations,Logistical,Fixed,20,240,57500.0,220679.29,71,2071
67,2029-07-01,1,Fences-Walls-Gates,Chain Link,Chain Link Fence,Logistical,Fixed,10,120,2500.0,2772.49,70,2029
67,2039-07-01,2,Fences-Walls-Gates,Chain Link,Chain Link Fence,Logistical,Fixed,10,120,2500.0,3726.0,70,2039
67,2049-07-01,3,Fences-Walls-Gates,Chain Link,Chain Link Fence,Logistical,Fixed,10,120,2500.0,5007.43,70,2049
67,2059-07-01,4,Fences-Walls-Gates,Chain Link,Chain Link Fence,Logistical,Fixed,10,120,2500.0,6729.57,70,2059
67,2069-07-01,5,Fences-Walls-Gates,Chain Link,Chain Link Fence,Logistical,Fixed,10,120,2500.0,9043.97,70,2069
67,2079-07-01,6,Fences-Walls-Gates,Chain Link,Chain Link Fence,Logistical,Fixed,10,120,2500.0,12154.34,70,2079
68,2026-07-01,1,Fences-Walls-Gates,Concrete,Concrete Brick Grouted Wall,Logistical,Fixed,3,36,2500.0,2537.22,101,2026
68,2029-07-01,2,Fences-Walls-Gates,Concrete,Concrete Brick Grouted Wall,Logistical,Fixed,3,36,2500.0,2772.49,101,2029
68,2032-07-01,3,Fences-Walls-Gates,Concrete,Concrete Brick Grouted Wall,Logistical,Fixed,3,36,2500.0,3029.58,101,2032
68,2035-07-01,4,Fences-Walls-Gates,Concrete,Concrete Brick Grouted Wall,Logistical,Fixed,3,36,2500.0,3310.5,101,2035
68,2038-07-01,5,Fences-Walls-Gates,Concrete,Concrete Brick Grouted Wall,Logistical,Fixed,3,36,2500.0,3617.47,101,2038
68,2041-07-01,6,Fences-Walls-Gates,Concrete,Concrete Brick Grouted Wall,Logistical,Fixed,3,36,2500.0,3952.91,101,2041
68,2044-07-01,7,Fences-Walls-Gates,Concrete,Concrete Brick Grouted Wall,Logistical,Fixed,3,36,2500.0,4319.45,101,2044
68,2047-07-01,8,Fences-Walls-Gates,Concrete,Concrete Brick Grouted Wall,Logistical,Fixed,3,36,2500.0,4719.98,101,2047
68,2050-07-01,9,Fences-Walls-Gates,Concrete,Concrete Brick Grouted Wall,Logistical,Fixed,3,36,2500.0,5157.65,101,2050
68,2053-07-01,10,Fences-Walls-Gates,Concrete,Concrete Brick Grouted Wall,Logistical,Fixed,3,36,2500.0,5635.91,101,2053
68,2056-07-01,11,Fences-Walls-Gates,Concrete,Concrete Brick Grouted Wall,Logistical,Fixed,3,36,2500.0,6158.51,101,2056
68,2059-07-01,12,Fences-Walls-Gates,Concrete,Concrete Brick Grouted Wall,Logistical,Fixed,3,36,2500.0,6729.57,101,2059
68,2062-07-01,13,Fences-Walls-Gates,Concrete,Concrete Brick Grouted Wall,Logistical,Fixed,3,36,2500.0,7353.58,101,2062
68,2065-07-01,14,Fences-Walls-Gates,Concrete,Concrete Brick Grouted Wall,Logistical,Fixed,3,36,2500.0,8035.45,101,2065
68,2068-07-01,15,Fences-Walls-Gates,Concrete,Concrete Brick Grouted Wall,Logistical,Fixed,3,36,2500.0,8780.56,101,2068
68,2071-07-01,16,Fences-Walls-Gates,Concrete,Concrete Brick Grouted Wall,Logistical,Fixed,3,36,2500.0,9594.75,101,2071
68,2074-07-01,17,Fences-Walls-Gates,Concrete,Concrete Brick Grouted Wall,Logistical,Fixed,3,36,2500.0,10484.44,101,2074
68,2077-07-01,18,Fences-Walls-Gates,Concrete,Concrete Brick Grouted Wall,Logistical,Fixed,3,36,2500.0,11456.64,101,2077
68,2080-07-01,19,Fences-Walls-Gates,Concrete,Concrete Brick Grouted Wall,Logistical,Fixed,3,36,2500.0,12518.97,101,2080
68,2083-07-01,20,Fences-Walls-Gates,Concrete,Concrete Brick Grouted Wall,Logistical,Fixed,3,36,2500.0,13679.82,101,2083
69,2026-07-01,1,Fences-Walls-Gates,Concrete,Pool Area Wall Repair,Logistical,Fixed,5,60,2500.0,2537.22,132,2026
69,2031-07-01,2,Fences-Walls-Gates,Concrete,Pool Area Wall Repair,Logistical,Fixed,5,60,2500.0,2941.34,132,2031
69,2036-07-01,3,Fences-Walls-Gates,Concrete,Pool Area Wall Repair,Logistical,Fixed,5,60,2500.0,3409.82,132,2036
69,2041-07-01,4,Fences-Walls-Gates,Concrete,Pool Area Wall Repair,Logistical,Fixed,5,60,2500.0,3952.91,132,2041
69,2046-07-01,5,Fences-Walls-Gates,Concrete,Pool Area Wall Repair,Logistical,Fixed,5,60,2500.0,4582.51,132,2046
69,2051-07-01,6,Fences-Walls-Gates,Concrete,Pool Area Wall Repair,Logistical,Fixed,5,60,2500.0,5312.38,132,2051
69,2056-07-01,7,Fences-Walls-Gates,Concrete,Pool Area Wall Repair,Logistical,Fixed,5,60,2500.0,6158.51,132,2056
69,2061-07-01,8,Fences-Walls-Gates,Concrete,Pool Area Wall Repair,Logistical,Fixed,5,60,2500.0,7139.4,132,2061
69,2066-07-01,9,Fences-Walls-Gates,Concrete,Pool Area Wall Repair,Logistical,Fixed,5,60,2500.0,8276.52,132,2066
69,2071-07-01,10,Fences-Walls-Gates,Concrete,Pool Area Wall Repair,Logistical,Fixed,5,60,2500.0,9594.75,132,2071
69,2076-07-01,11,Fences-Walls-Gates,Concrete,Pool Area Wall Repair,Logistical,Fixed,5,60,2500.0,11122.95,132,2076
69,2081-07-01,12,Fences-Walls-Gates,Concrete,Pool Area Wall Repair,Logistical,Fixed,5,60,2500.0,12894.54,132,2081
70,2028-07-01,1,Fences-Walls-Gates,Concrete,Stacked Concrete Block Wall,Logistical,Fixed,5,60,1500.0,1615.04,147,2028
70,2033-07-01,2,Fences-Walls-Gates,Concrete,Stacked Concrete Block Wall,Logistical,Fixed,5,60,1500.0,1872.28,147,2033
70,2038-07-01,3,Fences-Walls-Gates,Concrete,Stacked Concrete Block Wall,Logistical,Fixed,5,60,1500.0,2170.48,147,2038
70,2043-07-01,4,Fences-Walls-Gates,Concrete,Stacked Concrete Block Wall,Logistical,Fixed,5,60,1500.0,2516.19,147,2043
70,2048-07-01,5,Fences-Walls-Gates,Concrete,Stacked Concrete Block Wall,Logistical,Fixed,5,60,1500.0,2916.95,147,2048
70,2053-07-01,6,Fences-Walls-Gates,Concrete,Stacked Concrete Block Wall,Logistical,Fixed,5,60,1500.0,3381.54,147,2053
70,2058-07-01,7,Fences-Walls-Gates,Concrete,Stacked Concrete Block Wall,Logistical,Fixed,5,60,1500.0,3920.14,147,2058
70,2063-07-01,8,Fences-Walls-Gates,Concrete,Stacked Concrete Block Wall,Logistical,Fixed,5,60,1500.0,4544.51,147,2063
70,2068-07-01,9,Fences-Walls-Gates,Concrete,Stacked Concrete Block Wall,Logistical,Fixed,5,60,1500.0,5268.33,147,2068
70,2073-07-01,10,Fences-Walls-Gates,Concrete,Stacked Concrete Block Wall,Logistical,Fixed,5,60,1500.0,6107.44,147,2073
70,2078-07-01,11,Fences-Walls-Gates,Concrete,Stacked Concrete Block Wall,Logistical,Fixed,5,60,1500.0,7080.2,147,2078
70,2083-07-01,12,Fences-Walls-Gates,Concrete,Stacked Concrete Block Wall,Logistical,Fixed,5,60,1500.0,8207.89,147,2083
71,2036-07-01,1,Fences-Walls-Gates,Metal,Pool Area Metal Rail Fence-Gate,Logistical,Fixed,25,300,15000.0,20458.89,129,2036
71,2061-07-01,2,Fences-Walls-Gates,Metal,Pool Area Metal Rail Fence-Gate,Logistical,Fixed,25,300,15000.0,42836.38,129,2061
72,2029-07-01,1,Fences-Walls-Gates,Renovation,Wooden Perimeter Fence,Logistical,Fixed,5,60,5000.0,5544.98,158,2029
72,2034-07-01,2,Fences-Walls-Gates,Renovation,Wooden Perimeter Fence,Logistical,Fixed,5,60,5000.0,6428.16,158,2034
72,2039-07-01,3,Fences-Walls-Gates,Renovation,Wooden Perimeter Fence,Logistical,Fixed,5,60,5000.0,7451.99,158,2039
72,2044-07-01,4,Fences-Walls-Gates,Renovation,Wooden Perimeter Fence,Logistical,Fixed,5,60,5000.0,8638.9,158,2044
72,2049-07-01,5,Fences-Walls-Gates,Renovation,Wooden Perimeter Fence,Logistical,Fixed,5,60,5000.0,10014.86,158,2049
72,2054-07-01,6,Fences-Walls-Gates,Renovation,Wooden Perimeter Fence,Logistical,Fixed,5,60,5000.0,11609.96,158,2054
72,2059-07-01,7,Fences-Walls-Gates,Renovation,Wooden Perimeter Fence,Logistical,Fixed,5,60,5000.0,13459.13,158,2059
72,2064-07-01,8,Fences-Walls-Gates,Renovation,Wooden Perimeter Fence,Logistical,Fixed,5,60,5000.0,15602.82,158,2064
72,2069-07-01,9,Fences-Walls-Gates,Renovation,Wooden Perimeter Fence,Logistical,Fixed,5,60,5000.0,18087.95,158,2069
72,2074-07-01,10,Fences-Walls-Gates,Renovation,Wooden Perimeter Fence,Logistical,Fixed,5,60,5000.0,20968.89,158,2074
72,2079-07-01,11,Fences-Walls-Gates,Renovation,Wooden Perimeter Fence,Logistical,Fixed,5,60,5000.0,24308.69,158,2079
72,2084-07-01,12,Fences-Walls-Gates,Renovation,Wooden Perimeter Fence,Logistical,Fixed,5,60,5000.0,28180.43,158,2084
73,2029-07-01,1,Fire Safety,Equipment,Chimney Flues-Caps-Spark Arrestors,Logistical,Fixed,5,60,5000.0,5544.98,73,2029
73,2034-07-01,2,Fire Safety,Equipment,Chimney Flues-Caps-Spark Arrestors,Logistical,Fixed,5,60,5000.0,6428.16,73,2034
73,2039-07-01,3,Fire Safety,Equipment,Chimney Flues-Caps-Spark Arrestors,Logistical,Fixed,5,60,5000.0,7451.99,73,2039
73,2044-07-01,4,Fire Safety,Equipment,Chimney Flues-Caps-Spark Arrestors,Logistical,Fixed,5,60,5000.0,8638.9,73,2044
73,2049-07-01,5,Fire Safety,Equipment,Chimney Flues-Caps-Spark Arrestors,Logistical,Fixed,5,60,5000.0,10014.86,73,2049
73,2054-07-01,6,Fire Safety,Equipment,Chimney Flues-Caps-Spark Arrestors,Logistical,Fixed,5,60,5000.0,11609.96,73,2054
73,2059-07-01,7,Fire Safety,Equipment,Chimney Flues-Caps-Spark Arrestors,Logistical,Fixed,5,60,5000.0,13459.13,73,2059
73,2064-07-01,8,Fire Safety,Equipment,Chimney Flues-Caps-Spark Arrestors,Logistical,Fixed,5,60,5000.0,15602.82,73,2064
73,2069-07-01,9,Fire Safety,Equipment,Chimney Flues-Caps-Spark Arrestors,Logistical,Fixed,5,60,5000.0,18087.95,73,2069
73,2074-07-01,10,Fire Safety,Equipment,Chimney Flues-Caps-Spark Arrestors,Logistical,Fixed,5,60,5000.0,20968.89,73,2074
73,2079-07-01,11,Fire Safety,Equipment,Chimney Flues-Caps-Spark Arrestors,Logistical,Fixed,5,60,5000.0,24308.69,73,2079
73,2084-07-01,12,Fire Safety,Equipment,Chimney Flues-Caps-Spark Arrestors,Logistical,Fixed,5,60,5000.0,28180.43,73,2084
74,2034-07-01,1,Flooring,Carpet,Clubhouse Carpet,Logistical,Fixed,12,144,36000.0,46282.72,81,2034
74,2046-07-01,2,Flooring,Carpet,Clubhouse Carpet,Logistical,Fixed,12,144,36000.0,65988.1,81,2046
74,2058-07-01,3,Flooring,Carpet,Clubhouse Carpet,Logistical,Fixed,12,144,36000.0,94083.25,81,2058
74,2070-07-01,4,Flooring,Carpet,Clubhouse Carpet,Logistical,Fixed,12,144,36000.0,134140.22,81,2070
74,2082-07-01,5,Flooring,Carpet,Clubhouse Carpet,Logistical,Fixed,12,144,36000.0,191251.87,81,2082
75,2034-07-01,1,Flooring,Tile,Clubhouse Tile Floor,Logistical,Fixed,20,240,16000.0,20570.1,99,2034
75,2054-07-01,2,Flooring,Tile,Clubhouse Tile Floor,Logistical,Fixed,20,240,16000.0,37151.89,99,2054
75,2074-07-01,3,Flooring,Tile,Clubhouse Tile Floor,Logistical,Fixed,20,240,16000.0,67100.44,99,2074
76,2034-07-01,1,Flooring,Tile,Pool Area Tile Exterior,Logistical,Fixed,20,240,6400.0,8228.04,131,2034
76,2054-07-01,2,Flooring,Tile,Pool Area Tile Exterior,Logistical,Fixed,20,240,6400.0,14860.76,131,2054
76,2074-07-01,3,Flooring,Tile,Pool Area Tile Exterior,Logistical,Fixed,20,240,6400.0,26840.18,131,2074
77,2026-07-01,1,Landscape,Fire Safety,"Landscaping, Wildfire Defensible Space",Logistical,Fixed,1,12,10000.0,10148.89,Board Plan,2026
77,2027-07-01,2,Landscape,Fire Safety,"Landscaping, Wildfire Defensible Space",Logistical,Fixed,1,12,10000.0,10453.36,Board Plan,2027
77,2028-07-01,3,Landscape,Fire Safety,"Landscaping, Wildfire Defensible Space",Logistical,Fixed,1,12,10000.0,10766.96,Board Plan,2028
77,2029-07-01,4,Landscape,Fire Safety,"Landscaping, Wildfire Defensible Space",Logistical,Fixed,1,12,10000.0,11089.97,Board Plan,2029
77,2030-07-01,5,Landscape,Fire Safety,"Landscaping, Wildfire Defensible Space",Logistical,Fixed,1,12,10000.0,11422.67,Board Plan,2030
77,2031-07-01,6,Landscape,Fire Safety,"Landscaping, Wildfire Defensible Space",Logistical,Fixed,1,12,10000.0,11765.35,Board Plan,2031
77,2032-07-01,7,Landscape,Fire Safety,"Landscaping, Wildfire Defensible Space",Logistical,Fixed,1,12,10000.0,12118.31,Board Plan,2032
77,2033-07-01,8,Landscape,Fire Safety,"Landscaping, Wildfire Defensible Space",Logistical,Fixed,1,12,10000.0,12481.86,Board Plan,2033
77,2034-07-01,9,Landscape,Fire Safety,"Landscaping, Wildfire Defensible Space",Logistical,Fixed,1,12,10000.0,12856.31,Board Plan,2034
77,2035-07-01,10,Landscape,Fire Safety,"Landscaping, Wildfire Defensible Space",Logistical,Fixed,1,12,10000.0,13242.0,Board Plan,2035
77,2036-07-01,11,Landscape,Fire Safety,"Landscaping, Wildfire Defensible Space",Logistical,Fixed,1,12,10000.0,13639.26,Board Plan,2036
77,2037-07-01,12,Landscape,Fire Safety,"Landscaping, Wildfire Defensible Space",Logistical,Fixed,1,12,10000.0,14048.44,Board Plan,2037
77,2038-07-01,13,Landscape,Fire Safety,"Landscaping, Wildfire Defensible Space",Logistical,Fixed,1,12,10000.0,14469.89,Board Plan,2038
77,2039-07-01,14,Landscape,Fire Safety,"Landscaping, Wildfire Defensible Space",Logistical,Fixed,1,12,10000.0,14903.99,Board Plan,2039
77,2040-07-01,15,Landscape,Fire Safety,"Landscaping, Wildfire Defensible Space",Logistical,Fixed,1,12,10000.0,15351.11,Board Plan,2040
77,2041-07-01,16,Landscape,Fire Safety,"Landscaping, Wildfire Defensible Space",Logistical,Fixed,1,12,10000.0,15811.64,Board Plan,2041
77,2042-07-01,17,Landscape,Fire Safety,"Landscaping, Wildfire Defensible Space",Logistical,Fixed,1,12,10000.0,16285.99,Board Plan,2042
77,2043-07-01,18,Landscape,Fire Safety,"Landscaping, Wildfire Defensible Space",Logistical,Fixed,1,12,10000.0,16774.57,Board Plan,2043
77,2044-07-01,19,Landscape,Fire Safety,"Landscaping, Wildfire Defensible Space",Logistical,Fixed,1,12,10000.0,17277.81,Board Plan,2044
77,2045-07-01,20,Landscape,Fire Safety,"Landscaping, Wildfire Defensible Space",Logistical,Fixed,1,12,10000.0,17796.14,Board Plan,2045
77,2046-07-01,21,Landscape,Fire Safety,"Landscaping, Wildfire Defensible Space",Logistical,Fixed,1,12,10000.0,18330.03,Board Plan,2046
77,2047-07-01,22,Landscape,Fire Safety,"Landscaping, Wildfire Defensible Space",Logistical,Fixed,1,12,10000.0,18879.93,Board Plan,2047
77,2048-07-01,23,Landscape,Fire Safety,"Landscaping, Wildfire Defensible Space",Logistical,Fixed,1,12,10000.0,19446.33,Board Plan,2048
77,2049-07-01,24,Landscape,Fire Safety,"Landscaping, Wildfire Defensible Space",Logistical,Fixed,1,12,10000.0,20029.72,Board Plan,2049
77,2050-07-01,25,Landscape,Fire Safety,"Landscaping, Wildfire Defensible Space",Logistical,Fixed,1,12,10000.0,20630.61,Board Plan,2050
77,2051-07-01,26,Landscape,Fire Safety,"Landscaping, Wildfire Defensible Space",Logistical,Fixed,1,12,10000.0,21249.53,Board Plan,2051
77,2052-07-01,27,Landscape,Fire Safety,"Landscaping, Wildfire Defensible Space",Logistical,Fixed,1,12,10000.0,21887.01,Board Plan,2052
77,2053-07-01,28,Landscape,Fire Safety,"Landscaping, Wildfire Defensible Space",Logistical,Fixed,1,12,10000.0,22543.62,Board Plan,2053
77,2054-07-01,29,Landscape,Fire Safety,"Landscaping, Wildfire Defensible Space",Logistical,Fixed,1,12,10000.0,23219.93,Board Plan,2054
77,2055-07-01,30,Landscape,Fire Safety,"Landscaping, Wildfire Defensible Space",Logistical,Fixed,1,12,10000.0,23916.53,Board Plan,2055
77,2056-07-01,31,Landscape,Fire Safety,"Landscaping, Wildfire Defensible Space",Logistical,Fixed,1,12,10000.0,24634.02,Board Plan,2056
77,2057-07-01,32,Landscape,Fire Safety,"Landscaping, Wildfire Defensible Space",Logistical,Fixed,1,12,10000.0,25373.04,Board Plan,2057
77,2058-07-01,33,Landscape,Fire Safety,"Landscaping, Wildfire Defensible Space",Logistical,Fixed,1,12,10000.0,26134.24,Board Plan,2058
77,2059-07-01,34,Landscape,Fire Safety,"Landscaping, Wildfire Defensible Space",Logistical,Fixed,1,12,10000.0,26918.26,Board Plan,2059
77,2060-07-01,35,Landscape,Fire Safety,"Landscaping, Wildfire Defensible Space",Logistical,Fixed,1,12,10000.0,27725.81,Board Plan,2060
77,2061-07-01,36,Landscape,Fire Safety,"Landscaping, Wildfire Defensible Space",Logistical,Fixed,1,12,10000.0,28557.58,Board Plan,2061
77,2062-07-01,37,Landscape,Fire Safety,"Landscaping, Wildfire Defensible Space",Logistical,Fixed,1,12,10000.0,29414.31,Board Plan,2062
77,2063-07-01,38,Landscape,Fire Safety,"Landscaping, Wildfire Defensible Space",Logistical,Fixed,1,12,10000.0,30296.74,Board Plan,2063
77,2064-07-01,39,Landscape,Fire Safety,"Landscaping, Wildfire Defensible Space",Logistical,Fixed,1,12,10000.0,31205.64,Board Plan,2064
77,2065-07-01,40,Landscape,Fire Safety,"Landscaping, Wildfire Defensible Space",Logistical,Fixed,1,12,10000.0,32141.81,Board Plan,2065
77,2066-07-01,41,Landscape,Fire Safety,"Landscaping, Wildfire Defensible Space",Logistical,Fixed,1,12,10000.0,33106.07,Board Plan,2066
77,2067-07-01,42,Landscape,Fire Safety,"Landscaping, Wildfire Defensible Space",Logistical,Fixed,1,12,10000.0,34099.25,Board Plan,2067
77,2068-07-01,43,Landscape,Fire Safety,"Landscaping, Wildfire Defensible Space",Logistical,Fixed,1,12,10000.0,35122.23,Board Plan,2068
77,2069-07-01,44,Landscape,Fire Safety,"Landscaping, Wildfire Defensible Space",Logistical,Fixed,1,12,10000.0,36175.89,Board Plan,2069
77,2070-07-01,45,Landscape,Fire Safety,"Landscaping, Wildfire Defensible Space",Logistical,Fixed,1,12,10000.0,37261.17,Board Plan,2070
77,2071-07-01,46,Landscape,Fire Safety,"Landscaping, Wildfire Defensible Space",Logistical,Fixed,1,12,10000.0,38379.01,Board Plan,2071
77,2072-07-01,47,Landscape,Fire Safety,"Landscaping, Wildfire Defensible Space",Logistical,Fixed,1,12,10000.0,39530.38,Board Plan,2072
77,2073-07-01,48,Landscape,Fire Safety,"Landscaping, Wildfire Defensible Space",Logistical,Fixed,1,12,10000.0,40716.29,Board Plan,2073
77,2074-07-01,49,Landscape,Fire Safety,"Landscaping, Wildfire Defensible Space",Logistical,Fixed,1,12,10000.0,41937.78,Board Plan,2074
77,2075-07-01,50,Landscape,Fire Safety,"Landscaping, Wildfire Defensible Space",Logistical,Fixed,1,12,10000.0,43195.91,Board Plan,2075
77,2076-07-01,51,Landscape,Fire Safety,"Landscaping, Wildfire Defensible Space",Logistical,Fixed,1,12,10000.0,44491.79,Board Plan,2076
77,2077-07-01,52,Landscape,Fire Safety,"Landscaping, Wildfire Defensible Space",Logistical,Fixed,1,12,10000.0,45826.54,Board Plan,2077
77,2078-07-01,53,Landscape,Fire Safety,"Landscaping, Wildfire Defensible Space",Logistical,Fixed,1,12,10000.0,47201.34,Board Plan,2078
77,2079-07-01,54,Landscape,Fire Safety,"Landscaping, Wildfire Defensible Space",Logistical,Fixed,1,12,10000.0,48617.38,Board Plan,2079
77,2080-07-01,55,Landscape,Fire Safety,"Landscaping, Wildfire Defensible Space",Logistical,Fixed,1,12,10000.0,50075.9,Board Plan,2080
77,2081-07-01,56,Landscape,Fire Safety,"Landscaping, Wildfire Defensible Space",Logistical,Fixed,1,12,10000.0,51578.17,Board Plan,2081
77,2082-07-01,57,Landscape,Fire Safety,"Landscaping, Wildfire Defensible Space",Logistical,Fixed,1,12,10000.0,53125.52,Board Plan,2082
77,2083-07-01,58,Landscape,Fire Safety,"Landscaping, Wildfire Defensible Space",Logistical,Fixed,1,12,10000.0,54719.29,Board Plan,2083
77,2084-07-01,59,Landscape,Fire Safety,"Landscaping, Wildfire Defensible Space",Logistical,Fixed,1,12,10000.0,56360.86,Board Plan,2084
77,2085-07-01,60,Landscape,Fire Safety,"Landscaping, Wildfire Defensible Space",Logistical,Fixed,1,12,10000.0,58051.69,Board Plan,2085
78,2026-07-01,1,Landscape,Concrete,Landscape Border Blocks,Logistical,Fixed,3,36,1000.0,1014.89,115,2026
78,2029-07-01,2,Landscape,Concrete,Landscape Border Blocks,Logistical,Fixed,3,36,1000.0,1109.0,115,2029
78,2032-07-01,3,Landscape,Concrete,Landscape Border Blocks,Logistical,Fixed,3,36,1000.0,1211.83,115,2032
78,2035-07-01,4,Landscape,Concrete,Landscape Border Blocks,Logistical,Fixed,3,36,1000.0,1324.2,115,2035
78,2038-07-01,5,Landscape,Concrete,Landscape Border Blocks,Logistical,Fixed,3,36,1000.0,1446.99,115,2038
78,2041-07-01,6,Landscape,Concrete,Landscape Border Blocks,Logistical,Fixed,3,36,1000.0,1581.16,115,2041
78,2044-07-01,7,Landscape,Concrete,Landscape Border Blocks,Logistical,Fixed,3,36,1000.0,1727.78,115,2044
78,2047-07-01,8,Landscape,Concrete,Landscape Border Blocks,Logistical,Fixed,3,36,1000.0,1887.99,115,2047
78,2050-07-01,9,Landscape,Concrete,Landscape Border Blocks,Logistical,Fixed,3,36,1000.0,2063.06,115,2050
78,2053-07-01,10,Landscape,Concrete,Landscape Border Blocks,Logistical,Fixed,3,36,1000.0,2254.36,115,2053
78,2056-07-01,11,Landscape,Concrete,Landscape Border Blocks,Logistical,Fixed,3,36,1000.0,2463.4,115,2056
78,2059-07-01,12,Landscape,Concrete,Landscape Border Blocks,Logistical,Fixed,3,36,1000.0,2691.83,115,2059
78,2062-07-01,13,Landscape,Concrete,Landscape Border Blocks,Logistical,Fixed,3,36,1000.0,2941.43,115,2062
78,2065-07-01,14,Landscape,Concrete,Landscape Border Blocks,Logistical,Fixed,3,36,1000.0,3214.18,115,2065
78,2068-07-01,15,Landscape,Concrete,Landscape Border Blocks,Logistical,Fixed,3,36,1000.0,3512.22,115,2068
78,2071-07-01,16,Landscape,Concrete,Landscape Border Blocks,Logistical,Fixed,3,36,1000.0,3837.9,115,2071
78,2074-07-01,17,Landscape,Concrete,Landscape Border Blocks,Logistical,Fixed,3,36,1000.0,4193.78,115,2074
78,2077-07-01,18,Landscape,Concrete,Landscape Border Blocks,Logistical,Fixed,3,36,1000.0,4582.65,115,2077
78,2080-07-01,19,Landscape,Concrete,Landscape Border Blocks,Logistical,Fixed,3,36,1000.0,5007.59,115,2080
78,2083-07-01,20,Landscape,Concrete,Landscape Border Blocks,Logistical,Fixed,3,36,1000.0,5471.93,115,2083
79,2026-07-01,1,Landscape,Fire Safety,Tree Removal-Major Trimming,Logistical,One Time,1,12,7000.0,7104.22,151,2026
80,2026-07-01,1,Landscape,Fire Safety,Tree Removal-Major Trimming,Logistical,Fixed,1,12,8000.0,8119.11,151,2026
80,2027-07-01,2,Landscape,Fire Safety,Tree Removal-Major Trimming,Logistical,Fixed,1,12,8000.0,8362.69,151,2027
80,2028-07-01,3,Landscape,Fire Safety,Tree Removal-Major Trimming,Logistical,Fixed,1,12,8000.0,8613.57,151,2028
80,2029-07-01,4,Landscape,Fire Safety,Tree Removal-Major Trimming,Logistical,Fixed,1,12,8000.0,8871.97,151,2029
80,2030-07-01,5,Landscape,Fire Safety,Tree Removal-Major Trimming,Logistical,Fixed,1,12,8000.0,9138.13,151,2030
80,2031-07-01,6,Landscape,Fire Safety,Tree Removal-Major Trimming,Logistical,Fixed,1,12,8000.0,9412.28,151,2031
80,2032-07-01,7,Landscape,Fire Safety,Tree Removal-Major Trimming,Logistical,Fixed,1,12,8000.0,9694.65,151,2032
80,2033-07-01,8,Landscape,Fire Safety,Tree Removal-Major Trimming,Logistical,Fixed,1,12,8000.0,9985.49,151,2033
80,2034-07-01,9,Landscape,Fire Safety,Tree Removal-Major Trimming,Logistical,Fixed,1,12,8000.0,10285.05,151,2034
80,2035-07-01,10,Landscape,Fire Safety,Tree Removal-Major Trimming,Logistical,Fixed,1,12,8000.0,10593.6,151,2035
80,2036-07-01,11,Landscape,Fire Safety,Tree Removal-Major Trimming,Logistical,Fixed,1,12,8000.0,10911.41,151,2036
80,2037-07-01,12,Landscape,Fire Safety,Tree Removal-Major Trimming,Logistical,Fixed,1,12,8000.0,11238.75,151,2037
80,2038-07-01,13,Landscape,Fire Safety,Tree Removal-Major Trimming,Logistical,Fixed,1,12,8000.0,11575.91,151,2038
80,2039-07-01,14,Landscape,Fire Safety,Tree Removal-Major Trimming,Logistical,Fixed,1,12,8000.0,11923.19,151,2039
80,2040-07-01,15,Landscape,Fire Safety,Tree Removal-Major Trimming,Logistical,Fixed,1,12,8000.0,12280.89,151,2040
80,2041-07-01,16,Landscape,Fire Safety,Tree Removal-Major Trimming,Logistical,Fixed,1,12,8000.0,12649.31,151,2041
80,2042-07-01,17,Landscape,Fire Safety,Tree Removal-Major Trimming,Logistical,Fixed,1,12,8000.0,13028.79,151,2042
80,2043-07-01,18,Landscape,Fire Safety,Tree Removal-Major Trimming,Logistical,Fixed,1,12,8000.0,13419.66,151,2043
80,2044-07-01,19,Landscape,Fire Safety,Tree Removal-Major Trimming,Logistical,Fixed,1,12,8000.0,13822.25,151,2044
80,2045-07-01,20,Landscape,Fire Safety,Tree Removal-Major Trimming,Logistical,Fixed,1,12,8000.0,14236.91,151,2045
80,2046-07-01,21,Landscape,Fire Safety,Tree Removal-Major Trimming,Logistical,Fixed,1,12,8000.0,14664.02,151,2046
80,2047-07-01,22,Landscape,Fire Safety,Tree Removal-Major Trimming,Logistical,Fixed,1,12,8000.0,15103.94,151,2047
80,2048-07-01,23,Landscape,Fire Safety,Tree Removal-Major Trimming,Logistical,Fixed,1,12,8000.0,15557.06,151,2048
80,2049-07-01,24,Landscape,Fire Safety,Tree Removal-Major Trimming,Logistical,Fixed,1,12,8000.0,16023.77,151,2049
80,2050-07-01,25,Landscape,Fire Safety,Tree Removal-Major Trimming,Logistical,Fixed,1,12,8000.0,16504.49,151,2050
80,2051-07-01,26,Landscape,Fire Safety,Tree Removal-Major Trimming,Logistical,Fixed,1,12,8000.0,16999.62,151,2051
80,2052-07-01,27,Landscape,Fire Safety,Tree Removal-Major Trimming,Logistical,Fixed,1,12,8000.0,17509.61,151,2052
80,2053-07-01,28,Landscape,Fire Safety,Tree Removal-Major Trimming,Logistical,Fixed,1,12,8000.0,18034.9,151,2053
80,2054-07-01,29,Landscape,Fire Safety,Tree Removal-Major Trimming,Logistical,Fixed,1,12,8000.0,18575.94,151,2054
80,2055-07-01,30,Landscape,Fire Safety,Tree Removal-Major Trimming,Logistical,Fixed,1,12,8000.0,19133.22,151,2055
80,2056-07-01,31,Landscape,Fire Safety,Tree Removal-Major Trimming,Logistical,Fixed,1,12,8000.0,19707.22,151,2056
80,2057-07-01,32,Landscape,Fire Safety,Tree Removal-Major Trimming,Logistical,Fixed,1,12,8000.0,20298.44,151,2057
80,2058-07-01,33,Landscape,Fire Safety,Tree Removal-Major Trimming,Logistical,Fixed,1,12,8000.0,20907.39,151,2058
80,2059-07-01,34,Landscape,Fire Safety,Tree Removal-Major Trimming,Logistical,Fixed,1,12,8000.0,21534.61,151,2059
80,2060-07-01,35,Landscape,Fire Safety,Tree Removal-Major Trimming,Logistical,Fixed,1,12,8000.0,22180.65,151,2060
80,2061-07-01,36,Landscape,Fire Safety,Tree Removal-Major Trimming,Logistical,Fixed,1,12,8000.0,22846.07,151,2061
80,2062-07-01,37,Landscape,Fire Safety,Tree Removal-Major Trimming,Logistical,Fixed,1,12,8000.0,23531.45,151,2062
80,2063-07-01,38,Landscape,Fire Safety,Tree Removal-Major Trimming,Logistical,Fixed,1,12,8000.0,24237.39,151,2063
80,2064-07-01,39,Landscape,Fire Safety,Tree Removal-Major Trimming,Logistical,Fixed,1,12,8000.0,24964.52,151,2064
80,2065-07-01,40,Landscape,Fire Safety,Tree Removal-Major Trimming,Logistical,Fixed,1,12,8000.0,25713.45,151,2065
80,2066-07-01,41,Landscape,Fire Safety,Tree Removal-Major Trimming,Logistical,Fixed,1,12,8000.0,26484.85,151,2066
80,2067-07-01,42,Landscape,Fire Safety,Tree Removal-Major Trimming,Logistical,Fixed,1,12,8000.0,27279.4,151,2067
80,2068-07-01,43,Landscape,Fire Safety,Tree Removal-Major Trimming,Logistical,Fixed,1,12,8000.0,28097.78,151,2068
80,2069-07-01,44,Landscape,Fire Safety,Tree Removal-Major Trimming,Logistical,Fixed,1,12,8000.0,28940.72,151,2069
80,2070-07-01,45,Landscape,Fire Safety,Tree Removal-Major Trimming,Logistical,Fixed,1,12,8000.0,29808.94,151,2070
80,2071-07-01,46,Landscape,Fire Safety,Tree Removal-Major Trimming,Logistical,Fixed,1,12,8000.0,30703.2,151,2071
80,2072-07-01,47,Landscape,Fire Safety,Tree Removal-Major Trimming,Logistical,Fixed,1,12,8000.0,31624.3,151,2072
80,2073-07-01,48,Landscape,Fire Safety,Tree Removal-Major Trimming,Logistical,Fixed,1,12,8000.0,32573.03,151,2073
80,2074-07-01,49,Landscape,Fire Safety,Tree Removal-Major Trimming,Logistical,Fixed,1,12,8000.0,33550.22,151,2074
80,2075-07-01,50,Landscape,Fire Safety,Tree Removal-Major Trimming,Logistical,Fixed,1,12,8000.0,34556.73,151,2075
80,2076-07-01,51,Landscape,Fire Safety,Tree Removal-Major Trimming,Logistical,Fixed,1,12,8000.0,35593.43,151,2076
80,2077-07-01,52,Landscape,Fire Safety,Tree Removal-Major Trimming,Logistical,Fixed,1,12,8000.0,36661.23,151,2077
80,2078-07-01,53,Landscape,Fire Safety,Tree Removal-Major Trimming,Logistical,Fixed,1,12,8000.0,37761.07,151,2078
80,2079-07-01,54,Landscape,Fire Safety,Tree Removal-Major Trimming,Logistical,Fixed,1,12,8000.0,38893.9,151,2079
80,2080-07-01,55,Landscape,Fire Safety,Tree Removal-Major Trimming,Logistical,Fixed,1,12,8000.0,40060.72,151,2080
80,2081-07-01,56,Landscape,Fire Safety,Tree Removal-Major Trimming,Logistical,Fixed,1,12,8000.0,41262.54,151,2081
80,2082-07-01,57,Landscape,Fire Safety,Tree Removal-Major Trimming,Logistical,Fixed,1,12,8000.0,42500.42,151,2082
80,2083-07-01,58,Landscape,Fire Safety,Tree Removal-Major Trimming,Logistical,Fixed,1,12,8000.0,43775.43,151,2083
80,2084-07-01,59,Landscape,Fire Safety,Tree Removal-Major Trimming,Logistical,Fixed,1,12,8000.0,45088.69,151,2084
80,2085-07-01,60,Landscape,Fire Safety,Tree Removal-Major Trimming,Logistical,Fixed,1,12,8000.0,46441.35,151,2085
81,2026-07-01,1,Landscape,Renovation,Landscape Replenishment,Logistical,Fixed,3,36,2500.0,2537.22,116,2026
81,2029-07-01,2,Landscape,Renovation,Landscape Replenishment,Logistical,Fixed,3,36,2500.0,2772.49,116,2029
81,2032-07-01,3,Landscape,Renovation,Landscape Replenishment,Logistical,Fixed,3,36,2500.0,3029.58,116,2032
81,2035-07-01,4,Landscape,Renovation,Landscape Replenishment,Logistical,Fixed,3,36,2500.0,3310.5,116,2035
81,2038-07-01,5,Landscape,Renovation,Landscape Replenishment,Logistical,Fixed,3,36,2500.0,3617.47,116,2038
81,2041-07-01,6,Landscape,Renovation,Landscape Replenishment,Logistical,Fixed,3,36,2500.0,3952.91,116,2041
81,2044-07-01,7,Landscape,Renovation,Landscape Replenishment,Logistical,Fixed,3,36,2500.0,4319.45,116,2044
81,2047-07-01,8,Landscape,Renovation,Landscape Replenishment,Logistical,Fixed,3,36,2500.0,4719.98,116,2047
81,2050-07-01,9,Landscape,Renovation,Landscape Replenishment,Logistical,Fixed,3,36,2500.0,5157.65,116,2050
81,2053-07-01,10,Landscape,Renovation,Landscape Replenishment,Logistical,Fixed,3,36,2500.0,5635.91,116,2053
81,2056-07-01,11,Landscape,Renovation,Landscape Replenishment,Logistical,Fixed,3,36,2500.0,6158.51,116,2056
81,2059-07-01,12,Landscape,Renovation,Landscape Replenishment,Logistical,Fixed,3,36,2500.0,6729.57,116,2059
81,2062-07-01,13,Landscape,Renovation,Landscape Replenishment,Logistical,Fixed,3,36,2500.0,7353.58,116,2062
81,2065-07-01,14,Landscape,Renovation,Landscape Replenishment,Logistical,Fixed,3,36,2500.0,8035.45,116,2065
81,2068-07-01,15,Landscape,Renovation,Landscape Replenishment,Logistical,Fixed,3,36,2500.0,8780.56,116,2068
81,2071-07-01,16,Landscape,Renovation,Landscape Replenishment,Logistical,Fixed,3,36,2500.0,9594.75,116,2071
81,2074-07-01,17,Landscape,Renovation,Landscape Replenishment,Logistical,Fixed,3,36,2500.0,10484.44,116,2074
81,2077-07-01,18,Landscape,Renovation,Landscape Replenishment,Logistical,Fixed,3,36,2500.0,11456.64,116,2077
81,2080-07-01,19,Landscape,Renovation,Landscape Replenishment,Logistical,Fixed,3,36,2500.0,12518.97,116,2080
81,2083-07-01,20,Landscape,Renovation,Landscape Replenishment,Logistical,Fixed,3,36,2500.0,13679.82,116,2083
82,2031-07-01,1,Landscape,Renovation,Landscape Rock,Logistical,Fixed,8,96,2500.0,2941.34,117,2031
82,2039-07-01,2,Landscape,Renovation,Landscape Rock,Logistical,Fixed,8,96,2500.0,3726.0,117,2039
82,2047-07-01,3,Landscape,Renovation,Landscape Rock,Logistical,Fixed,8,96,2500.0,4719.98,117,2047
82,2055-07-01,4,Landscape,Renovation,Landscape Rock,Logistical,Fixed,8,96,2500.0,5979.13,117,2055
82,2063-07-01,5,Landscape,Renovation,Landscape Rock,Logistical,Fixed,8,96,2500.0,7574.19,117,2063
82,2071-07-01,6,Landscape,Renovation,Landscape Rock,Logistical,Fixed,8,96,2500.0,9594.75,117,2071
82,2079-07-01,7,Landscape,Renovation,Landscape Rock,Logistical,Fixed,8,96,2500.0,12154.34,117,2079
83,2026-07-01,1,Painting,Exterior,Painting Building 1,Logistical,Fixed,10,120,46156.0,46843.22,124,2026
83,2036-07-01,2,Painting,Exterior,Painting Building 1,Logistical,Fixed,10,120,46156.0,62953.38,124,2036
83,2046-07-01,3,Painting,Exterior,Painting Building 1,Logistical,Fixed,10,120,46156.0,84604.07,124,2046
83,2056-07-01,4,Painting,Exterior,Painting Building 1,Logistical,Fixed,10,120,46156.0,113700.8,124,2056
83,2066-07-01,5,Painting,Exterior,Painting Building 1,Logistical,Fixed,10,120,46156.0,152804.37,124,2066
83,2076-07-01,6,Painting,Exterior,Painting Building 1,Logistical,Fixed,10,120,46156.0,205356.29,124,2076
84,2026-07-01,1,Painting,Exterior,Painting Buildingg 2,Logistical,Fixed,10,120,46156.0,46843.22,124,2026
84,2036-07-01,2,Painting,Exterior,Painting Buildingg 2,Logistical,Fixed,10,120,46156.0,62953.38,124,2036
84,2046-07-01,3,Painting,Exterior,Painting Buildingg 2,Logistical,Fixed,10,120,46156.0,84604.07,124,2046
84,2056-07-01,4,Painting,Exterior,Painting Buildingg 2,Logistical,Fixed,10,120,46156.0,113700.8,124,2056
84,2066-07-01,5,Painting,Exterior,Painting Buildingg 2,Logistical,Fixed,10,120,46156.0,152804.37,124,2066
84,2076-07-01,6,Painting,Exterior,Painting Buildingg 2,Logistical,Fixed,10,120,46156.0,205356.29,124,2076
85,2026-07-01,1,Painting,Exterior,Painting Building 3,Logistical,Fixed,10,120,44852.0,45519.81,124,2026
85,2036-07-01,2,Painting,Exterior,Painting Building 3,Logistical,Fixed,10,120,44852.0,61174.82,124,2036
85,2046-07-01,3,Painting,Exterior,Painting Building 3,Logistical,Fixed,10,120,44852.0,82213.84,124,2046
85,2056-07-01,4,Painting,Exterior,Painting Building 3,Logistical,Fixed,10,120,44852.0,110488.52,124,2056
85,2066-07-01,5,Painting,Exterior,Painting Building 3,Logistical,Fixed,10,120,44852.0,148487.34,124,2066
85,2076-07-01,6,Painting,Exterior,Painting Building 3,Logistical,Fixed,10,120,44852.0,199554.56,124,2076
86,2027-07-01,1,Painting,Exterior,Painting Building 4,Logistical,Fixed,10,120,60116.0,62841.41,124,2027
86,2037-07-01,2,Painting,Exterior,Painting Building 4,Logistical,Fixed,10,120,60116.0,84453.6,124,2037
86,2047-07-01,3,Painting,Exterior,Painting Building 4,Logistical,Fixed,10,120,60116.0,113498.57,124,2047
86,2057-07-01,4,Painting,Exterior,Painting Building 4,Logistical,Fixed,10,120,60116.0,152532.59,124,2057
86,2067-07-01,5,Painting,Exterior,Painting Building 4,Logistical,Fixed,10,120,60116.0,204991.05,124,2067
86,2077-07-01,6,Painting,Exterior,Painting Building 4,Logistical,Fixed,10,120,60116.0,275490.83,124,2077
87,2035-07-01,1,Painting,Exterior,Painting Building 5,Logistical,Fixed,10,120,57636.0,76321.6,124,2035
87,2045-07-01,2,Painting,Exterior,Painting Building 5,Logistical,Fixed,10,120,57636.0,102569.85,124,2045
87,2055-07-01,3,Painting,Exterior,Painting Building 5,Logistical,Fixed,10,120,57636.0,137845.3,124,2055
87,2065-07-01,4,Painting,Exterior,Painting Building 5,Logistical,Fixed,10,120,57636.0,185252.56,124,2065
87,2075-07-01,5,Painting,Exterior,Painting Building 5,Logistical,Fixed,10,120,57636.0,248963.94,124,2075
87,2085-07-01,6,Painting,Exterior,Painting Building 5,Logistical,Fixed,10,120,57636.0,334586.72,124,2085
88,2027-07-01,1,Painting,Exterior,Painting Building 6,Logistical,Fixed,10,120,47792.0,49958.69,124,2027
88,2037-07-01,2,Painting,Exterior,Painting Building 6,Logistical,Fixed,10,120,47792.0,67140.3,124,2037
88,2047-07-01,3,Painting,Exterior,Painting Building 6,Logistical,Fixed,10,120,47792.0,90230.95,124,2047
88,2057-07-01,4,Painting,Exterior,Painting Building 6,Logistical,Fixed,10,120,47792.0,121262.85,124,2057
88,2067-07-01,5,Painting,Exterior,Painting Building 6,Logistical,Fixed,10,120,47792.0,162967.13,124,2067
88,2077-07-01,6,Painting,Exterior,Painting Building 6,Logistical,Fixed,10,120,47792.0,219014.2,124,2077
89,2027-07-01,1,Painting,Exterior,Painting Building 7,Logistical,Fixed,10,120,47792.0,49958.69,124,2027
89,2037-07-01,2,Painting,Exterior,Painting Building 7,Logistical,Fixed,10,120,47792.0,67140.3,124,2037
89,2047-07-01,3,Painting,Exterior,Painting Building 7,Logistical,Fixed,10,120,47792.0,90230.95,124,2047
89,2057-07-01,4,Painting,Exterior,Painting Building 7,Logistical,Fixed,10,120,47792.0,121262.85,124,2057
89,2067-07-01,5,Painting,Exterior,Painting Building 7,Logistical,Fixed,10,120,47792.0,162967.13,124,2067
89,2077-07-01,6,Painting,Exterior,Painting Building 7,Logistical,Fixed,10,120,47792.0,219014.2,124,2077
90,2028-07-01,1,Painting,Exterior,Painting Building 8,Logistical,Fixed,10,120,57636.0,62056.45,124,2028
90,2038-07-01,2,Painting,Exterior,Painting Building 8,Logistical,Fixed,10,120,57636.0,83398.67,124,2038
90,2048-07-01,3,Painting,Exterior,Painting Building 8,Logistical,Fixed,10,120,57636.0,112080.84,124,2048
90,2058-07-01,4,Painting,Exterior,Painting Building 8,Logistical,Fixed,10,120,57636.0,150627.28,124,2058
90,2068-07-01,5,Painting,Exterior,Painting Building 8,Logistical,Fixed,10,120,57636.0,202430.47,124,2068
90,2078-07-01,6,Painting,Exterior,Painting Building 8,Logistical,Fixed,10,120,57636.0,272049.62,124,2078
91,2026-07-01,1,Painting,Exterior,Painting Building 9,Logistical,Fixed,10,120,31544.0,32013.66,124,2026
91,2036-07-01,2,Painting,Exterior,Painting Building 9,Logistical,Fixed,10,120,31544.0,43023.69,124,2036
91,2046-07-01,3,Painting,Exterior,Painting Building 9,Logistical,Fixed,10,120,31544.0,57820.24,124,2046
91,2056-07-01,4,Painting,Exterior,Painting Building 9,Logistical,Fixed,10,120,31544.0,77705.56,124,2056
91,2066-07-01,5,Painting,Exterior,Painting Building 9,Logistical,Fixed,10,120,31544.0,104429.78,124,2066
91,2076-07-01,6,Painting,Exterior,Painting Building 9,Logistical,Fixed,10,120,31544.0,140344.89,124,2076
92,2028-07-01,1,Painting,Exterior,Painting Building 10,Logistical,Fixed,10,120,47196.0,50815.74,124,2028
92,2038-07-01,2,Painting,Exterior,Painting Building 10,Logistical,Fixed,10,120,47196.0,68292.11,124,2038
92,2048-07-01,3,Painting,Exterior,Painting Building 10,Logistical,Fixed,10,120,47196.0,91778.88,124,2048
92,2058-07-01,4,Painting,Exterior,Painting Building 10,Logistical,Fixed,10,120,47196.0,123343.14,124,2058
92,2068-07-01,5,Painting,Exterior,Painting Building 10,Logistical,Fixed,10,120,47196.0,165762.86,124,2068
92,2078-07-01,6,Painting,Exterior,Painting Building 10,Logistical,Fixed,10,120,47196.0,222771.43,124,2078
93,2026-07-01,1,Painting,Exterior,Painting Building 11,Logistical,Fixed,10,120,31544.0,32013.66,124,2026
93,2036-07-01,2,Painting,Exterior,Painting Building 11,Logistical,Fixed,10,120,31544.0,43023.69,124,2036
93,2046-07-01,3,Painting,Exterior,Painting Building 11,Logistical,Fixed,10,120,31544.0,57820.24,124,2046
93,2056-07-01,4,Painting,Exterior,Painting Building 11,Logistical,Fixed,10,120,31544.0,77705.56,124,2056
93,2066-07-01,5,Painting,Exterior,Painting Building 11,Logistical,Fixed,10,120,31544.0,104429.78,124,2066
93,2076-07-01,6,Painting,Exterior,Painting Building 11,Logistical,Fixed,10,120,31544.0,140344.89,124,2076
94,2028-07-01,1,Painting,Exterior,Painting Building 12,Logistical,Fixed,10,120,47196.0,50815.74,124,2028
94,2038-07-01,2,Painting,Exterior,Painting Building 12,Logistical,Fixed,10,120,47196.0,68292.11,124,2038
94,2048-07-01,3,Painting,Exterior,Painting Building 12,Logistical,Fixed,10,120,47196.0,91778.88,124,2048
94,2058-07-01,4,Painting,Exterior,Painting Building 12,Logistical,Fixed,10,120,47196.0,123343.14,124,2058
94,2068-07-01,5,Painting,Exterior,Painting Building 12,Logistical,Fixed,10,120,47196.0,165762.86,124,2068
94,2078-07-01,6,Painting,Exterior,Painting Building 12,Logistical,Fixed,10,120,47196.0,222771.43,124,2078
95,2028-07-01,1,Painting,Exterior,Painting Building 13,Logistical,Fixed,10,120,47196.0,50815.74,124,2028
95,2038-07-01,2,Painting,Exterior,Painting Building 13,Logistical,Fixed,10,120,47196.0,68292.11,124,2038
95,2048-07-01,3,Painting,Exterior,Painting Building 13,Logistical,Fixed,10,120,47196.0,91778.88,124,2048
95,2058-07-01,4,Painting,Exterior,Painting Building 13,Logistical,Fixed,10,120,47196.0,123343.14,124,2058
95,2068-07-01,5,Painting,Exterior,Painting Building 13,Logistical,Fixed,10,120,47196.0,165762.86,124,2068
95,2078-07-01,6,Painting,Exterior,Painting Building 13,Logistical,Fixed,10,120,47196.0,222771.43,124,2078
96,2026-07-01,1,Painting,Exterior,Painting Buidling 14,Logistical,Fixed,10,120,18320.0,18592.77,124,2026
96,2036-07-01,2,Painting,Exterior,Painting Buidling 14,Logistical,Fixed,10,120,18320.0,24987.13,124,2036
96,2046-07-01,3,Painting,Exterior,Painting Buidling 14,Logistical,Fixed,10,120,18320.0,33580.61,124,2046
96,2056-07-01,4,Painting,Exterior,Painting Buidling 14,Logistical,Fixed,10,120,18320.0,45129.53,124,2056
96,2066-07-01,5,Painting,Exterior,Painting Buidling 14,Logistical,Fixed,10,120,18320.0,60650.32,124,2066
96,2076-07-01,6,Painting,Exterior,Painting Buidling 14,Logistical,Fixed,10,120,18320.0,81508.95,124,2076
97,2034-07-01,1,Painting,Exterior Metal,Pool Area Metal Rail Fence-Gate-Painting,Logistical,Fixed,10,120,3000.0,3856.89,130,2034
97,2044-07-01,2,Painting,Exterior Metal,Pool Area Metal Rail Fence-Gate-Painting,Logistical,Fixed,10,120,3000.0,5183.34,130,2044
97,2054-07-01,3,Painting,Exterior Metal,Pool Area Metal Rail Fence-Gate-Painting,Logistical,Fixed,10,120,3000.0,6965.98,130,2054
97,2064-07-01,4,Painting,Exterior Metal,Pool Area Metal Rail Fence-Gate-Painting,Logistical,Fixed,10,120,3000.0,9361.69,130,2064
97,2074-07-01,5,Painting,Exterior Metal,Pool Area Metal Rail Fence-Gate-Painting,Logistical,Fixed,10,120,3000.0,12581.33,130,2074
97,2084-07-01,6,Painting,Exterior Metal,Pool Area Metal Rail Fence-Gate-Painting,Logistical,Fixed,10,120,3000.0,16908.26,130,2084
98,2036-07-01,1,Painting,Interior,Clubhouse Interior Painting,Logistical,Fixed,12,144,35000.0,47737.42,90,2036
98,2048-07-01,2,Painting,Interior,Clubhouse Interior Painting,Logistical,Fixed,12,144,35000.0,68062.14,90,2048
98,2060-07-01,3,Painting,Interior,Clubhouse Interior Painting,Logistical,Fixed,12,144,35000.0,97040.34,90,2060
98,2072-07-01,4,Painting,Interior,Clubhouse Interior Painting,Logistical,Fixed,12,144,35000.0,138356.32,90,2072
98,2084-07-01,5,Painting,Interior,Clubhouse Interior Painting,Logistical,Fixed,12,144,35000.0,197263.03,90,2084
99,2026-07-01,1,Painting,Parking,Parking Striping-Curb Painting,Logistical,Fixed,3,36,5000.0,5074.45,125,2026
99,2029-07-01,2,Painting,Parking,Parking Striping-Curb Painting,Logistical,Fixed,3,36,5000.0,5544.98,125,2029
99,2032-07-01,3,Painting,Parking,Parking Striping-Curb Painting,Logistical,Fixed,3,36,5000.0,6059.15,125,2032
99,2035-07-01,4,Painting,Parking,Parking Striping-Curb Painting,Logistical,Fixed,3,36,5000.0,6621.0,125,2035
99,2038-07-01,5,Painting,Parking,Parking Striping-Curb Painting,Logistical,Fixed,3,36,5000.0,7234.95,125,2038
99,2041-07-01,6,Painting,Parking,Parking Striping-Curb Painting,Logistical,Fixed,3,36,5000.0,7905.82,125,2041
99,2044-07-01,7,Painting,Parking,Parking Striping-Curb Painting,Logistical,Fixed,3,36,5000.0,8638.9,125,2044
99,2047-07-01,8,Painting,Parking,Parking Striping-Curb Painting,Logistical,Fixed,3,36,5000.0,9439.96,125,2047
99,2050-07-01,9,Painting,Parking,Parking Striping-Curb Painting,Logistical,Fixed,3,36,5000.0,10315.3,125,2050
99,2053-07-01,10,Painting,Parking,Parking Striping-Curb Painting,Logistical,Fixed,3,36,5000.0,11271.81,125,2053
99,2056-07-01,11,Painting,Parking,Parking Striping-Curb Painting,Logistical,Fixed,3,36,5000.0,12317.01,125,2056
99,2059-07-01,12,Painting,Parking,Parking Striping-Curb Painting,Logistical,Fixed,3,36,5000.0,13459.13,125,2059
99,2062-07-01,13,Painting,Parking,Parking Striping-Curb Painting,Logistical,Fixed,3,36,5000.0,14707.16,125,2062
99,2065-07-01,14,Painting,Parking,Parking Striping-Curb Painting,Logistical,Fixed,3,36,5000.0,16070.91,125,2065
99,2068-07-01,15,Painting,Parking,Parking Striping-Curb Painting,Logistical,Fixed,3,36,5000.0,17561.11,125,2068
99,2071-07-01,16,Painting,Parking,Parking Striping-Curb Painting,Logistical,Fixed,3,36,5000.0,19189.5,125,2071
99,2074-07-01,17,Painting,Parking,Parking Striping-Curb Painting,Logistical,Fixed,3,36,5000.0,20968.89,125,2074
99,2077-07-01,18,Painting,Parking,Parking Striping-Curb Painting,Logistical,Fixed,3,36,5000.0,22913.27,125,2077
99,2080-07-01,19,Painting,Parking,Parking Striping-Curb Painting,Logistical,Fixed,3,36,5000.0,25037.95,125,2080
99,2083-07-01,20,Painting,Parking,Parking Striping-Curb Painting,Logistical,Fixed,3,36,5000.0,27359.64,125,2083
100,2031-07-01,1,Plumbing,Equipment,Clubhouse Hot Water Heaters-Expansion,Logistical,Fixed,12,144,2400.0,2823.68,88,2031
100,2043-07-01,2,Plumbing,Equipment,Clubhouse Hot Water Heaters-Expansion,Logistical,Fixed,12,144,2400.0,4025.9,88,2043
100,2055-07-01,3,Plumbing,Equipment,Clubhouse Hot Water Heaters-Expansion,Logistical,Fixed,12,144,2400.0,5739.97,88,2055
100,2067-07-01,4,Plumbing,Equipment,Clubhouse Hot Water Heaters-Expansion,Logistical,Fixed,12,144,2400.0,8183.82,88,2067
100,2079-07-01,5,Plumbing,Equipment,Clubhouse Hot Water Heaters-Expansion,Logistical,Fixed,12,144,2400.0,11668.17,88,2079
101,2026-07-01,1,Plumbing,Inspection,Water Valve and Line Annual Inspection,Logistical,One Time,1,12,1756.0,1782.15,Board Plan,2026
102,2026-07-01,1,Plumbing,Sanitation,"Sewer Inspection, Semi-annual Inspection",Logistical,One Time,2,24,4097.0,4158.0,Board Plan,2026
103,2026-07-01,1,Plumbing,Sanitation,Sewer Lateral Lines-Cleanouts,Logistical,Fixed,2,24,5000.0,5074.45,146,2026
103,2028-07-01,2,Plumbing,Sanitation,Sewer Lateral Lines-Cleanouts,Logistical,Fixed,2,24,5000.0,5383.48,146,2028
103,2030-07-01,3,Plumbing,Sanitation,Sewer Lateral Lines-Cleanouts,Logistical,Fixed,2,24,5000.0,5711.33,146,2030
103,2032-07-01,4,Plumbing,Sanitation,Sewer Lateral Lines-Cleanouts,Logistical,Fixed,2,24,5000.0,6059.15,146,2032
103,2034-07-01,5,Plumbing,Sanitation,Sewer Lateral Lines-Cleanouts,Logistical,Fixed,2,24,5000.0,6428.16,146,2034
103,2036-07-01,6,Plumbing,Sanitation,Sewer Lateral Lines-Cleanouts,Logistical,Fixed,2,24,5000.0,6819.63,146,2036
103,2038-07-01,7,Plumbing,Sanitation,Sewer Lateral Lines-Cleanouts,Logistical,Fixed,2,24,5000.0,7234.95,146,2038
103,2040-07-01,8,Plumbing,Sanitation,Sewer Lateral Lines-Cleanouts,Logistical,Fixed,2,24,5000.0,7675.55,146,2040
103,2042-07-01,9,Plumbing,Sanitation,Sewer Lateral Lines-Cleanouts,Logistical,Fixed,2,24,5000.0,8143.0,146,2042
103,2044-07-01,10,Plumbing,Sanitation,Sewer Lateral Lines-Cleanouts,Logistical,Fixed,2,24,5000.0,8638.9,146,2044
103,2046-07-01,11,Plumbing,Sanitation,Sewer Lateral Lines-Cleanouts,Logistical,Fixed,2,24,5000.0,9165.01,146,2046
103,2048-07-01,12,Plumbing,Sanitation,Sewer Lateral Lines-Cleanouts,Logistical,Fixed,2,24,5000.0,9723.16,146,2048
103,2050-07-01,13,Plumbing,Sanitation,Sewer Lateral Lines-Cleanouts,Logistical,Fixed,2,24,5000.0,10315.3,146,2050
103,2052-07-01,14,Plumbing,Sanitation,Sewer Lateral Lines-Cleanouts,Logistical,Fixed,2,24,5000.0,10943.51,146,2052
103,2054-07-01,15,Plumbing,Sanitation,Sewer Lateral Lines-Cleanouts,Logistical,Fixed,2,24,5000.0,11609.96,146,2054
103,2056-07-01,16,Plumbing,Sanitation,Sewer Lateral Lines-Cleanouts,Logistical,Fixed,2,24,5000.0,12317.01,146,2056
103,2058-07-01,17,Plumbing,Sanitation,Sewer Lateral Lines-Cleanouts,Logistical,Fixed,2,24,5000.0,13067.12,146,2058
103,2060-07-01,18,Plumbing,Sanitation,Sewer Lateral Lines-Cleanouts,Logistical,Fixed,2,24,5000.0,13862.91,146,2060
103,2062-07-01,19,Plumbing,Sanitation,Sewer Lateral Lines-Cleanouts,Logistical,Fixed,2,24,5000.0,14707.16,146,2062
103,2064-07-01,20,Plumbing,Sanitation,Sewer Lateral Lines-Cleanouts,Logistical,Fixed,2,24,5000.0,15602.82,146,2064
103,2066-07-01,21,Plumbing,Sanitation,Sewer Lateral Lines-Cleanouts,Logistical,Fixed,2,24,5000.0,16553.03,146,2066
103,2068-07-01,22,Plumbing,Sanitation,Sewer Lateral Lines-Cleanouts,Logistical,Fixed,2,24,5000.0,17561.11,146,2068
103,2070-07-01,23,Plumbing,Sanitation,Sewer Lateral Lines-Cleanouts,Logistical,Fixed,2,24,5000.0,18630.59,146,2070
103,2072-07-01,24,Plumbing,Sanitation,Sewer Lateral Lines-Cleanouts,Logistical,Fixed,2,24,5000.0,19765.19,146,2072
103,2074-07-01,25,Plumbing,Sanitation,Sewer Lateral Lines-Cleanouts,Logistical,Fixed,2,24,5000.0,20968.89,146,2074
103,2076-07-01,26,Plumbing,Sanitation,Sewer Lateral Lines-Cleanouts,Logistical,Fixed,2,24,5000.0,22245.89,146,2076
103,2078-07-01,27,Plumbing,Sanitation,Sewer Lateral Lines-Cleanouts,Logistical,Fixed,2,24,5000.0,23600.67,146,2078
103,2080-07-01,28,Plumbing,Sanitation,Sewer Lateral Lines-Cleanouts,Logistical,Fixed,2,24,5000.0,25037.95,146,2080
103,2082-07-01,29,Plumbing,Sanitation,Sewer Lateral Lines-Cleanouts,Logistical,Fixed,2,24,5000.0,26562.76,146,2082
103,2084-07-01,30,Plumbing,Sanitation,Sewer Lateral Lines-Cleanouts,Logistical,Fixed,2,24,5000.0,28180.43,146,2084
104,2034-07-01,1,Renovation,Bar Service,Clubhouse Bar Remodel,Logistical,Fixed,20,240,5000.0,6428.16,76,2034
104,2054-07-01,2,Renovation,Bar Service,Clubhouse Bar Remodel,Logistical,Fixed,20,240,5000.0,11609.96,76,2054
104,2074-07-01,3,Renovation,Bar Service,Clubhouse Bar Remodel,Logistical,Fixed,20,240,5000.0,20968.89,76,2074
105,2034-07-01,1,Renovation,Bathrooms,Clubhouse Bathroom Remodel,Logistical,Fixed,20,240,12000.0,15427.57,78,2034
105,2054-07-01,2,Renovation,Bathrooms,Clubhouse Bathroom Remodel,Logistical,Fixed,20,240,12000.0,27863.92,78,2054
105,2074-07-01,3,Renovation,Bathrooms,Clubhouse Bathroom Remodel,Logistical,Fixed,20,240,12000.0,50325.33,78,2074
106,2034-07-01,1,Renovation,Kitchenette,Fitness Room Kitchenette Remodel,Logistical,Fixed,20,240,3500.0,4499.71,111,2034
106,2054-07-01,2,Renovation,Kitchenette,Fitness Room Kitchenette Remodel,Logistical,Fixed,20,240,3500.0,8126.98,111,2054
106,2074-07-01,3,Renovation,Kitchenette,Fitness Room Kitchenette Remodel,Logistical,Fixed,20,240,3500.0,14678.22,111,2074
107,2034-07-01,1,Renovation,Laundry,Laundry Room Remodel,Logistical,Fixed,20,240,3500.0,4499.71,118,2034
107,2054-07-01,2,Renovation,Laundry,Laundry Room Remodel,Logistical,Fixed,20,240,3500.0,8126.98,118,2054
107,2074-07-01,3,Renovation,Laundry,Laundry Room Remodel,Logistical,Fixed,20,240,3500.0,14678.22,118,2074
108,2039-07-01,1,Renovation,Plaster,Pool Resurface,Logistical,Fixed,15,180,14400.0,21461.74,142,2039
108,2054-07-01,2,Renovation,Plaster,Pool Resurface,Logistical,Fixed,15,180,14400.0,33436.7,142,2054
108,2069-07-01,3,Renovation,Plaster,Pool Resurface,Logistical,Fixed,15,180,14400.0,52093.29,142,2069
108,2084-07-01,4,Renovation,Plaster,Pool Resurface,Logistical,Fixed,15,180,14400.0,81159.64,142,2084
109,2029-07-01,1,Renovation,Shop,Clubhouse Maintenance Shop Remodel,Logistical,Fixed,10,120,2500.0,2772.49,91,2029
109,2039-07-01,2,Renovation,Shop,Clubhouse Maintenance Shop Remodel,Logistical,Fixed,10,120,2500.0,3726.0,91,2039
109,2049-07-01,3,Renovation,Shop,Clubhouse Maintenance Shop Remodel,Logistical,Fixed,10,120,2500.0,5007.43,91,2049
109,2059-07-01,4,Renovation,Shop,Clubhouse Maintenance Shop Remodel,Logistical,Fixed,10,120,2500.0,6729.57,91,2059
109,2069-07-01,5,Renovation,Shop,Clubhouse Maintenance Shop Remodel,Logistical,Fixed,10,120,2500.0,9043.97,91,2069
109,2079-07-01,6,Renovation,Shop,Clubhouse Maintenance Shop Remodel,Logistical,Fixed,10,120,2500.0,12154.34,91,2079
110,2031-07-01,1,Renovation,Shower Room,Clubhouse Pool Room-Shower Remodel,Logistical,Fixed,20,240,5000.0,5882.67,92,2031
110,2051-07-01,2,Renovation,Shower Room,Clubhouse Pool Room-Shower Remodel,Logistical,Fixed,20,240,5000.0,10624.76,92,2051
110,2071-07-01,3,Renovation,Shower Room,Clubhouse Pool Room-Shower Remodel,Logistical,Fixed,20,240,5000.0,19189.5,92,2071
111,2031-07-01,1,Renovation,Wood,Sauna Remodel,Logistical,Fixed,20,240,2500.0,2941.34,145,2031
111,2051-07-01,2,Renovation,Wood,Sauna Remodel,Logistical,Fixed,20,240,2500.0,5312.38,145,2051
111,2071-07-01,3,Renovation,Wood,Sauna Remodel,Logistical,Fixed,20,240,2500.0,9594.75,145,2071
112,2030-07-01,1,Roofing,Drainage,Gutters-Downspouts,Logistical,Fixed,5,60,20000.0,22845.33,113,2030
112,2035-07-01,2,Roofing,Drainage,Gutters-Downspouts,Logistical,Fixed,5,60,20000.0,26484.0,113,2035
112,2040-07-01,3,Roofing,Drainage,Gutters-Downspouts,Logistical,Fixed,5,60,20000.0,30702.22,113,2040
112,2045-07-01,4,Roofing,Drainage,Gutters-Downspouts,Logistical,Fixed,5,60,20000.0,35592.29,113,2045
112,2050-07-01,5,Roofing,Drainage,Gutters-Downspouts,Logistical,Fixed,5,60,20000.0,41261.21,113,2050
112,2055-07-01,6,Roofing,Drainage,Gutters-Downspouts,Logistical,Fixed,5,60,20000.0,47833.06,113,2055
112,2060-07-01,7,Roofing,Drainage,Gutters-Downspouts,Logistical,Fixed,5,60,20000.0,55451.62,113,2060
112,2065-07-01,8,Roofing,Drainage,Gutters-Downspouts,Logistical,Fixed,5,60,20000.0,64283.63,113,2065
112,2070-07-01,9,Roofing,Drainage,Gutters-Downspouts,Logistical,Fixed,5,60,20000.0,74522.34,113,2070
112,2075-07-01,10,Roofing,Drainage,Gutters-Downspouts,Logistical,Fixed,5,60,20000.0,86391.82,113,2075
112,2080-07-01,11,Roofing,Drainage,Gutters-Downspouts,Logistical,Fixed,5,60,20000.0,100151.8,113,2080
112,2085-07-01,12,Roofing,Drainage,Gutters-Downspouts,Logistical,Fixed,5,60,20000.0,116103.38,113,2085
113,2036-07-01,1,Roofing,Elastomeric,Garage Flat Roof,Logistical,Fixed,10,120,300000.0,409177.85,112,2036
113,2046-07-01,2,Roofing,Elastomeric,Garage Flat Roof,Logistical,Fixed,10,120,300000.0,549900.81,112,2046
113,2056-07-01,3,Roofing,Elastomeric,Garage Flat Roof,Logistical,Fixed,10,120,300000.0,739020.71,112,2056
113,2066-07-01,4,Roofing,Elastomeric,Garage Flat Roof,Logistical,Fixed,10,120,300000.0,993182.03,112,2066
113,2076-07-01,5,Roofing,Elastomeric,Garage Flat Roof,Logistical,Fixed,10,120,300000.0,1334753.6,112,2076
114,2031-07-01,1,Roofing,Metal,Carport Roofs,Logistical,Fixed,25,300,51360.0,60426.82,68,2031
114,2056-07-01,2,Roofing,Metal,Carport Roofs,Logistical,Fixed,25,300,51360.0,126520.35,68,2056
114,2081-07-01,3,Roofing,Metal,Carport Roofs,Logistical,Fixed,25,300,51360.0,264905.51,68,2081
115,2033-07-01,1,Roofing,Metal,Carport Roofs,Logistical,Fixed,25,300,51360.0,64106.81,68,2033
115,2058-07-01,2,Roofing,Metal,Carport Roofs,Logistical,Fixed,25,300,51360.0,134225.43,68,2058
115,2083-07-01,3,Roofing,Metal,Carport Roofs,Logistical,Fixed,25,300,51360.0,281038.25,68,2083
116,2035-07-01,1,Roofing,Metal,Carport Roofs,Logistical,Fixed,25,300,51360.0,68010.92,68,2035
116,2060-07-01,2,Roofing,Metal,Carport Roofs,Logistical,Fixed,25,300,51360.0,142399.76,68,2060
116,2085-07-01,3,Roofing,Metal,Carport Roofs,Logistical,Fixed,25,300,51360.0,298153.48,68,2085
117,2037-07-01,1,Roofing,Metal,Carport Roofs,Logistical,Fixed,25,300,51360.0,72152.79,68,2037
117,2062-07-01,2,Roofing,Metal,Carport Roofs,Logistical,Fixed,25,300,51360.0,151071.91,68,2062
118,2039-07-01,1,Roofing,Metal,Carport Roofs,Logistical,Fixed,25,300,51360.0,76546.89,68,2039
118,2064-07-01,2,Roofing,Metal,Carport Roofs,Logistical,Fixed,25,300,51360.0,160272.19,68,2064
119,2035-07-01,1,Roofing,Shingle,Clubhouse Roof,Logistical,Fixed,25,300,54000.0,71506.81,93,2035
119,2060-07-01,2,Roofing,Shingle,Clubhouse Roof,Logistical,Fixed,25,300,54000.0,149719.38,93,2060
119,2085-07-01,3,Roofing,Shingle,Clubhouse Roof,Logistical,Fixed,25,300,54000.0,313479.13,93,2085
120,2026-07-01,1,Roofing,Inspection,Roof Inspection and Repair,Logistical,One Time,5,60,15000.0,15223.34,Board Plan,2026
121,2036-07-01,1,Roofing,Shingle,Unit Building Shingle Roofs,Logistical,Fixed,30,360,240000.0,327342.28,152,2036
121,2066-07-01,2,Roofing,Shingle,Unit Building Shingle Roofs,Logistical,Fixed,30,360,240000.0,794545.63,152,2066
122,2037-07-01,1,Roofing,Shingle,Unit Building Shingle Roofs,Logistical,Fixed,30,360,240000.0,337162.55,152,2037
122,2067-07-01,2,Roofing,Shingle,Unit Building Shingle Roofs,Logistical,Fixed,30,360,240000.0,818382.0,152,2067
123,2038-07-01,1,Roofing,Shingle,Unit Building Shingle Roofs,Logistical,Fixed,30,360,240000.0,347277.42,152,2038
123,2068-07-01,2,Roofing,Shingle,Unit Building Shingle Roofs,Logistical,Fixed,30,360,240000.0,842933.46,152,2068
124,2039-07-01,1,Roofing,Shingle,Unit Building Shingle Roofs,Logistical,Fixed,30,360,240000.0,357695.75,152,2039
124,2069-07-01,2,Roofing,Shingle,Unit Building Shingle Roofs,Logistical,Fixed,30,360,240000.0,868221.46,152,2069
125,2040-07-01,1,Roofing,Shingle,Unit Building Shingle Roofs,Logistical,Fixed,30,360,240000.0,368426.62,152,2040
125,2070-07-01,2,Roofing,Shingle,Unit Building Shingle Roofs,Logistical,Fixed,30,360,240000.0,894268.1,152,2070
126,2029-07-01,1,Signage,Misc,Misc and Parking Signs,Logistical,Fixed,10,120,1000.0,1109.0,122,2029
126,2039-07-01,2,Signage,Misc,Misc and Parking Signs,Logistical,Fixed,10,120,1000.0,1490.4,122,2039
126,2049-07-01,3,Signage,Misc,Misc and Parking Signs,Logistical,Fixed,10,120,1000.0,2002.97,122,2049
126,2059-07-01,4,Signage,Misc,Misc and Parking Signs,Logistical,Fixed,10,120,1000.0,2691.83,122,2059
126,2069-07-01,5,Signage,Misc,Misc and Parking Signs,Logistical,Fixed,10,120,1000.0,3617.59,122,2069
126,2079-07-01,6,Signage,Misc,Misc and Parking Signs,Logistical,Fixed,10,120,1000.0,4861.74,122,2079
127,2028-07-01,1,Signage,Monument,Monument Sign/Wall,Logistical,Fixed,20,240,2000.0,2153.39,123,2028
127,2048-07-01,2,Signage,Monument,Monument Sign/Wall,Logistical,Fixed,20,240,2000.0,3889.27,123,2048
127,2068-07-01,3,Signage,Monument,Monument Sign/Wall,Logistical,Fixed,20,240,2000.0,7024.45,123,2068
128,2026-07-01,1,Signage,Numbers,Building Signs/Numbers,Logistical,Fixed,5,60,2000.0,2029.78,65,2026
128,2031-07-01,2,Signage,Numbers,Building Signs/Numbers,Logistical,Fixed,5,60,2000.0,2353.07,65,2031
128,2036-07-01,3,Signage,Numbers,Building Signs/Numbers,Logistical,Fixed,5,60,2000.0,2727.85,65,2036
128,2041-07-01,4,Signage,Numbers,Building Signs/Numbers,Logistical,Fixed,5,60,2000.0,3162.33,65,2041
128,2046-07-01,5,Signage,Numbers,Building Signs/Numbers,Logistical,Fixed,5,60,2000.0,3666.01,65,2046
128,2051-07-01,6,Signage,Numbers,Building Signs/Numbers,Logistical,Fixed,5,60,2000.0,4249.91,65,2051
128,2056-07-01,7,Signage,Numbers,Building Signs/Numbers,Logistical,Fixed,5,60,2000.0,4926.8,65,2056
128,2061-07-01,8,Signage,Numbers,Building Signs/Numbers,Logistical,Fixed,5,60,2000.0,5711.52,65,2061
128,2066-07-01,9,Signage,Numbers,Building Signs/Numbers,Logistical,Fixed,5,60,2000.0,6621.21,65,2066
128,2071-07-01,10,Signage,Numbers,Building Signs/Numbers,Logistical,Fixed,5,60,2000.0,7675.8,65,2071
128,2076-07-01,11,Signage,Numbers,Building Signs/Numbers,Logistical,Fixed,5,60,2000.0,8898.36,65,2076
128,2081-07-01,12,Signage,Numbers,Building Signs/Numbers,Logistical,Fixed,5,60,2000.0,10315.63,65,2081
129,2028-07-01,1,Structural,Metal,Carport Support Posts-Beams,Logistical,Fixed,10,120,5000.0,5383.48,69,2028
129,2038-07-01,2,Structural,Metal,Carport Support Posts-Beams,Logistical,Fixed,10,120,5000.0,7234.95,69,2038
129,2048-07-01,3,Structural,Metal,Carport Support Posts-Beams,Logistical,Fixed,10,120,5000.0,9723.16,69,2048
129,2058-07-01,4,Structural,Metal,Carport Support Posts-Beams,Logistical,Fixed,10,120,5000.0,13067.12,69,2058
129,2068-07-01,5,Structural,Metal,Carport Support Posts-Beams,Logistical,Fixed,10,120,5000.0,17561.11,69,2068
129,2078-07-01,6,Structural,Metal,Carport Support Posts-Beams,Logistical,Fixed,10,120,5000.0,23600.67,69,2078
130,2026-07-01,1,Structural,Renovation,Trash Enclosures,Logistical,Fixed,5,60,7500.0,7611.67,150,2026
130,2031-07-01,2,Structural,Renovation,Trash Enclosures,Logistical,Fixed,5,60,7500.0,8824.01,150,2031
130,2036-07-01,3,Structural,Renovation,Trash Enclosures,Logistical,Fixed,5,60,7500.0,10229.45,150,2036
130,2041-07-01,4,Structural,Renovation,Trash Enclosures,Logistical,Fixed,5,60,7500.0,11858.73,150,2041
130,2046-07-01,5,Structural,Renovation,Trash Enclosures,Logistical,Fixed,5,60,7500.0,13747.52,150,2046
130,2051-07-01,6,Structural,Renovation,Trash Enclosures,Logistical,Fixed,5,60,7500.0,15937.14,150,2051
130,2056-07-01,7,Structural,Renovation,Trash Enclosures,Logistical,Fixed,5,60,7500.0,18475.52,150,2056
130,2061-07-01,8,Structural,Renovation,Trash Enclosures,Logistical,Fixed,5,60,7500.0,21418.19,150,2061
130,2066-07-01,9,Structural,Renovation,Trash Enclosures,Logistical,Fixed,5,60,7500.0,24829.55,150,2066
130,2071-07-01,10,Structural,Renovation,Trash Enclosures,Logistical,Fixed,5,60,7500.0,28784.25,150,2071
130,2076-07-01,11,Structural,Renovation,Trash Enclosures,Logistical,Fixed,5,60,7500.0,33368.84,150,2076
130,2081-07-01,12,Structural,Renovation,Trash Enclosures,Logistical,Fixed,5,60,7500.0,38683.63,150,2081
